Datum;Grootboekrekening;Omschrijving;Relatie;Debit;Credit
13-01-2025;1200 - Debiteuren;Molendijk 4 Oude-Tonge Borg;100094 - I.T.S. SR.L. (INDUSTRIAL TECHNICAL SERVICES), BRAN;; 3.466,66 
13-01-2025;1200 - Debiteuren;Voorstraat 10 Oude Tonge borg;100094 - I.T.S. SR.L. (INDUSTRIAL TECHNICAL SERVICES), BRAN;; 3.466,66 
30-01-2025;1600 - Btw verkoop, hoog tarief (21%);Adriaan Baasstraat 34 Hoogeveen 2025-2 + borg;100176 - RNVD Industries;; 144,90 
30-01-2025;1600 - Btw verkoop, hoog tarief (21%);Kethelweg 66a Vlaardingen 2025-1 + borg;100178 - Bw-engineering;; 127,05 
30-01-2025;1600 - Btw verkoop, hoog tarief (21%);Hugo de Vriesstraat 54 Vlaardingen 2025-1 + borg vanaf 23-1;50175 - Autodaxx B.V.;; 116,55 
17-01-2025;1601 - Btw verkoop, laag tarief (9%);Voorstraat 25 Vlaardingen 2025-1 14-1 tm 31-1 +borg;100174 - Workforce Housing Holland B.V.;; 114,51 
30-01-2025;1601 - Btw verkoop, laag tarief (9%);Kethelweg 66a Vlaardingen 2025-1 + borg;100178 - Bw-engineering;; 47,34 
08-01-2025;1200 - Debiteuren;Nieuwenhoornstraat 46b Rotterdam 2025-1 10-1 tm 31-1 + borg;100154 - UAB Techsome; 4.300,10 ;
08-01-2025;1601 - Btw verkoop, laag tarief (9%);Nieuwenhoornstraat 46b Rotterdam 2025-1 10-1 tm 31-1 + borg;100154 - UAB Techsome;; 136,70 
28-01-2025;1601 - Btw verkoop, laag tarief (9%);Akkerweg 41 [067]  Den Oever 2025-1 + borg;100102 - Royal DS Personeel-service;; 130,19 
28-01-2025;1601 - Btw verkoop, laag tarief (9%);Akkerweg 41 [068]  Den Oever 2025-1 + borg;100102 - Royal DS Personeel-service;; 130,19 
06-01-2025;1600 - Btw verkoop, hoog tarief (21%);Abelenlaan 143 Rozenburg 2024-10 + borg;100152 - Twins BV;; 72,27 
01-01-2025;1165 - Borg;;; 637.019,27 ;
30-01-2025;1600 - Btw verkoop, hoog tarief (21%);Geleenstraat 1 Sittard 2025-1 + borg;100102 - Royal DS Personeel-service;; 94,50 
09-01-2025;1165 - Borg;4 Homes 2025 01;50384 - 4 Homes;; 3.041,65 
13-01-2025;1200 - Debiteuren;Voorstraat 10 Oude Tonge borg;100141 - Multiservizi Romania SRL; 3.466,66 ;
30-01-2025;1601 - Btw verkoop, laag tarief (9%);Geleenstraat 1 Sittard 2025-1 + borg;100102 - Royal DS Personeel-service;; 72,12 
28-01-2025;1600 - Btw verkoop, hoog tarief (21%);Akkerweg 41 [068]  Den Oever 2025-1 + borg;100102 - Royal DS Personeel-service;; 45,57 
28-01-2025;1200 - Debiteuren;Akkerweg 41 [067]  Den Oever 2025-1 + borg;100102 - Royal DS Personeel-service; 3.839,33 ;
28-01-2025;1200 - Debiteuren;Akkerweg 41 [068]  Den Oever 2025-1 + borg;100102 - Royal DS Personeel-service; 3.839,33 ;
30-01-2025;1601 - Btw verkoop, laag tarief (9%);Curcumastraat 39 Hoogvliet 2025-1 + borg;50154 - OJP B.V.;; 211,56 
30-01-2025;1200 - Debiteuren;Geleenstraat 1 Sittard 2025-1 + borg;100102 - Royal DS Personeel-service; 3.042,99 ;
17-01-2025;1600 - Btw verkoop, hoog tarief (21%);Engelsestraat 16L3 Rotterdam 2025-1 14-1 tm 31-1 + borg;100173 - MK Contracting BV;; 105,00 
17-01-2025;1601 - Btw verkoop, laag tarief (9%);Engelsestraat 16L3 Rotterdam 2025-1 14-1 tm 31-1 + borg;100173 - MK Contracting BV;; 117,17 
30-01-2025;1200 - Debiteuren;Curcumastraat 39 Hoogvliet 2025-1 + borg;50154 - OJP B.V.; 6.568,49 ;
28-01-2025;1600 - Btw verkoop, hoog tarief (21%);Akkerweg 41 [067]  Den Oever 2025-1 + borg;100102 - Royal DS Personeel-service;; 45,57 
17-01-2025;1101 - Rabobank;mungroop SAS Van Gent Flankenstraat borg 1.800 en huur janua;100182 - TH. Mungroop;; 2.806,03 
17-01-2025;1200 - Debiteuren;Voorstraat 25 Vlaardingen 2025-1 14-1 tm 31-1 +borg;100174 - Workforce Housing Holland B.V.; 4.311,24 ;
08-01-2025;1600 - Btw verkoop, hoog tarief (21%);Nieuwenhoornstraat 46b Rotterdam 2025-1 10-1 tm 31-1 + borg;100154 - UAB Techsome;; 94,50 
01-01-2025;1165 - Borg;;;; 977.342,94 
06-01-2025;1200 - Debiteuren;Abelenlaan 143 Rozenburg 2024-10 + borg;100152 - Twins BV; 416,43 ;
13-01-2025;1200 - Debiteuren;Molendijk 4 Oude-Tonge Borg;100141 - Multiservizi Romania SRL; 3.466,66 ;
30-01-2025;1200 - Debiteuren;Hugo de Vriesstraat 54 Vlaardingen 2025-1 + borg vanaf 23-1;50175 - Autodaxx B.V.; 3.180,59 ;
17-01-2025;1500 - Crediteuren;mungroop SAS Van Gent Flankenstraat borg 1.800 en huur janua;100182 - TH. Mungroop; 2.806,03 ;
01-01-2025;1165 - Borg;;; 424.177,80 ;
17-01-2025;1200 - Debiteuren;Engelsestraat 16L3 Rotterdam 2025-1 14-1 tm 31-1 + borg;100173 - MK Contracting BV; 4.224,09 ;
30-01-2025;1600 - Btw verkoop, hoog tarief (21%);Curcumastraat 39 Hoogvliet 2025-1 + borg;50154 - OJP B.V.;; 131,25 
30-01-2025;1601 - Btw verkoop, laag tarief (9%);Adriaan Baasstraat 34 Hoogeveen 2025-2 + borg;100176 - RNVD Industries;; 198,00 
01-01-2025;1165 - Borg;;; 140.107,70 ;
30-01-2025;1601 - Btw verkoop, laag tarief (9%);Hugo de Vriesstraat 54 Vlaardingen 2025-1 + borg vanaf 23-1;50175 - Autodaxx B.V.;; 46,16 
17-01-2025;1600 - Btw verkoop, hoog tarief (21%);Voorstraat 25 Vlaardingen 2025-1 14-1 tm 31-1 +borg;100174 - Workforce Housing Holland B.V.;; 134,40 
23-01-2025;1165 - Borg;EIZEMA HEERENVEEN VASTGOED BV  ovk 477 - Loggerstraat 3, 886;50181 - Eizema Heerenveen Vastgoed b.v.;; 1.900,00 
31-12-2024;1165 - Borg;Finest Housing B.V.,;13 - Finest Housing B.V.;; 2.655,00 
30-01-2025;1200 - Debiteuren;Kethelweg 66a Vlaardingen 2025-1 + borg;100178 - Bw-engineering; 3.305,41 ;
01-01-2025;1165 - Borg;;;; 223.961,83 
30-01-2025;1200 - Debiteuren;Adriaan Baasstraat 34 Hoogeveen 2025-2 + borg;100176 - RNVD Industries; 5.432,90 ;
25-02-2025;1200 - Debiteuren;Akkerweg 41 [huis 42] den Oever 2025-03 + borg 7-3 ev;50314 - NL Realty B.V.; 9.147,47 ;
25-02-2025;1601 - Btw verkoop, laag tarief (9%);Akkerweg 41 [huis 016] DEN OEVER 2025-2 + borg;50314 - NL Realty B.V.;; 75,75 
19-02-2025;1600 - Btw verkoop, hoog tarief (21%);Akkerweg 41 [huis 18] Den Oever 2024-12 + borg;100183 - Uitzendwerk B.V.;; 84,00 
28-02-2025;1200 - Debiteuren;NL Realty B.V.  710336 32188 25800614  febr borg 25800614  f;50314 - NL Realty B.V.;; 2.663,19 
14-02-2025;1600 - Btw verkoop, hoog tarief (21%);Adriaan Baasstraat 34 Hoogeveen 2025-2 + borg;100176 - RNVD Industries;; 144,90 
25-02-2025;1600 - Btw verkoop, hoog tarief (21%);Kerkweg 9a [huis 357] Hensbroek  2025-03 + borg 7-3 ev;50314 - NL Realty B.V.;; 162,75 
26-02-2025;1200 - Debiteuren;Employee Housing Agency B.V.  Borgsom 1900e- Sint Annalandst;100174 - Workforce Housing Holland B.V.;; 1.900,00 
25-02-2025;1601 - Btw verkoop, laag tarief (9%);Akkerweg 41 [huis 42] den Oever 2025-03 + borg 7-3 ev;50314 - NL Realty B.V.;; 315,60 
12-02-2025;1600 - Btw verkoop, hoog tarief (21%);Admiraliteitskade 80 Rotterdam afrek en borg;50157 - AmDor Projecten B.V.;; 1.049,62 
25-02-2025;1601 - Btw verkoop, laag tarief (9%);Kerkweg 9a [huis 349] Hensbroek  2025-02 + borg 28-2;50314 - NL Realty B.V.;; 9,47 
12-02-2025;1600 - Btw verkoop, hoog tarief (21%);van Goghlaan 36 Roosendaal borg en afrek;20 - Tradiro Services B.V.;; 212,18 
12-02-2025;1200 - Debiteuren;Voeghoutenstraat 236 Klazienaveen borg retour;29 - Vivir Wonen; 569,52 ;
25-02-2025;1600 - Btw verkoop, hoog tarief (21%);Akkerweg 41 [huis 016] DEN OEVER 2025-2 + borg;50314 - NL Realty B.V.;; 162,75 
12-02-2025;1600 - Btw verkoop, hoog tarief (21%);Loggerstraat 3 Harlingen afrek + borg;7 - GOTI Verhuur B.V.;; 536,20 
28-02-2025;1600 - Btw verkoop, hoog tarief (21%);Akkerweg 41 [067]  Den Oever 2025-1 + borg;100102 - Royal DS Personeel-service; 45,57 ;
25-02-2025;1200 - Debiteuren;Ingenieur J.P. van Muijlwijkstraat 116 Arnhem borg;50292 - Suricare B.V.;; 1.750,00 
28-02-2025;1600 - Btw verkoop, hoog tarief (21%);Kruisweg 16 Woubrugge 2025-2 + borg;50398 - Orange Investments Group B.V.;; 78,75 
28-02-2025;1200 - Debiteuren;Akkerweg 41 [067]  Den Oever 2025-1 + borg;100102 - Royal DS Personeel-service;; 3.839,33 
19-02-2025;1200 - Debiteuren;Akkerweg 41 [huis 18] Den Oever 2024-12 + borg;100183 - Uitzendwerk B.V.; 5.060,09 ;
12-02-2025;1200 - Debiteuren;Kerkweg 9a [huis 135]  Hensbroek 2024-10 + borg;100126 - Timing Uitzendteam BV; 2.936,77 ;
12-02-2025;1165 - Borg;Borg;7 - GOTI Verhuur B.V.; 2.250,00 ;
19-02-2025;1200 - Debiteuren;Kerkweg 9a [huis 348] Hensbroek 2025-3 + borg 28-3;100101 - JJM Personeel B.V.; 4.621,69 ;
28-02-2025;1100 - NL76INGB0008980173;NL Realty B.V.  710336 32187 25800613   febr. borg 25800613;50314 - NL Realty B.V.; 5.055,14 ;
12-02-2025;1601 - Btw verkoop, laag tarief (9%);Admiraliteitskade 80 Rotterdam afrek en borg;50157 - AmDor Projecten B.V.; 354,00 ;
12-02-2025;1600 - Btw verkoop, hoog tarief (21%);Voeghoutenstraat 236 Klazienaveen borg retour;29 - Vivir Wonen;; 454,63 
25-02-2025;1200 - Debiteuren;Akkerweg 41 [huis 016] DEN OEVER 2025-2 + borg;50314 - NL Realty B.V.; 5.055,14 ;
25-02-2025;1600 - Btw verkoop, hoog tarief (21%);Adriaan Baasstraat 34 borg en afrekening;50282 - DIT en Larex Vakpersoneel B.V.;; 234,52 
19-02-2025;1601 - Btw verkoop, laag tarief (9%);Flankstraat 11  Sas van Gent 2025-2 + borg 4-2 tm 28-2;100089 - Uitzendbureau Bakker B.V.;; 181,23 
12-02-2025;1200 - Debiteuren;van Goghlaan 36 Roosendaal borg en afrek;20 - Tradiro Services B.V.;; 2.548,25 
25-02-2025;1601 - Btw verkoop, laag tarief (9%);Adriaan Baasstraat 34 borg en afrekening;50282 - DIT en Larex Vakpersoneel B.V.;; 12,74 
14-02-2025;1601 - Btw verkoop, laag tarief (9%);Adriaan Baasstraat 34 Hoogeveen 2025-2 + borg;100176 - RNVD Industries;; 198,00 
12-02-2025;1601 - Btw verkoop, laag tarief (9%);Loggerstraat 3 Harlingen afrek + borg;7 - GOTI Verhuur B.V.;; 26,51 
19-02-2025;1600 - Btw verkoop, hoog tarief (21%);Kerkweg 9a [huis 348] Hensbroek 2025-3 + borg 28-3;100101 - JJM Personeel B.V.;; 152,25 
12-02-2025;1165 - Borg;Borg (01-09-2024 - 30-09-2024);50157 - AmDor Projecten B.V.;; 3.933,33 
28-02-2025;1100 - NL76INGB0008980173;NL Realty B.V.  710336 32175 25800574 25800574 Borg Akkerweg;50314 - NL Realty B.V.; 3.014,01 ;
12-02-2025;1200 - Debiteuren;Rubensplein 6B Schiedam afrek borg;50394 - Gap Costruzioni Dutch Branch;; 2.427,50 
12-02-2025;1600 - Btw verkoop, hoog tarief (21%);Geleenstraat 1 Geleen borg en afrek;50294 - De Uitlener B.V.; 53,27 ;
28-02-2025;1600 - Btw verkoop, hoog tarief (21%);Ofwegen 1A Woubrugge 2025-2 + borg;50398 - Orange Investments Group B.V.;; 78,75 
25-02-2025;1200 - Debiteuren;Kerkweg 9a [huis 357] Hensbroek  2025-03 + borg 7-3 ev;50314 - NL Realty B.V.; 7.004,60 ;
19-02-2025;1601 - Btw verkoop, laag tarief (9%);Akkerweg 41 [huis 010] DEN OEVER 2025-2 + borg  21-2;50314 - NL Realty B.V.;; 75,75 
25-02-2025;1200 - Debiteuren;Adriaan Baasstraat 34 borg en afrekening;50282 - DIT en Larex Vakpersoneel B.V.;; 494,41 
19-02-2025;1601 - Btw verkoop, laag tarief (9%);Akkerweg 41 [huis 18] Den Oever 2024-12 + borg;100183 - Uitzendwerk B.V.;; 113,62 
12-02-2025;1200 - Debiteuren;Verbindingsweg 20 Essen afrek en borg;50433 - GMC KOVI Global Metal Construction;; 3.497,50 
14-02-2025;1601 - Btw verkoop, laag tarief (9%);Adriaan Baasstraat 34 Hoogeveen 2025-2 + borg;100176 - RNVD Industries; 198,00 ;
12-02-2025;1600 - Btw verkoop, hoog tarief (21%);Kerkweg 9a [huis 359] Hensbroek borg en afrek;50314 - NL Realty B.V.; 25,96 ;
28-02-2025;1200 - Debiteuren;Ofwegen 1A Woubrugge 2025-2 + borg;50398 - Orange Investments Group B.V.; 3.560,57 ;
12-02-2025;1200 - Debiteuren;Narcissenstraat 23 Rozenburg afrek en borg;50157 - AmDor Projecten B.V.;; 2.725,82 
12-02-2025;1200 - Debiteuren;Julianalaan 4 Midlum borg en afrek;50314 - NL Realty B.V.;; 1.448,38 
25-02-2025;1200 - Debiteuren;Kerstendijk 125 borg;50394 - Gap Costruzioni Dutch Branch;; 2.730,00 
14-02-2025;1601 - Btw verkoop, laag tarief (9%);Hof van Zeeland 2 Heinkenszand 2025 7-2 en borg;100176 - RNVD Industries;; 251,82 
12-02-2025;1600 - Btw verkoop, hoog tarief (21%);Akkerweg 41 [huis 14] Den Oever afrek en borg;100142 - FGM Solar Renewable S.R.L.; 489,31 ;
12-02-2025;1601 - Btw verkoop, laag tarief (9%);Narcissenstraat 23 Rozenburg afrek en borg;50157 - AmDor Projecten B.V.;; 11,55 
25-02-2025;1600 - Btw verkoop, hoog tarief (21%);Kerkweg 9a [huis 342] Hensbroek  2025-03 + borg 7-3 ev;50314 - NL Realty B.V.;; 162,75 
14-02-2025;1600 - Btw verkoop, hoog tarief (21%);Adriaan Baasstraat 34 Hoogeveen 2025-2 + borg;100176 - RNVD Industries; 144,90 ;
12-02-2025;1165 - Borg;Borg;100126 - Timing Uitzendteam BV;; 1.900,00 
12-02-2025;1200 - Debiteuren;Prinses Wilhelminastraat 9 Hekendorp borg en afrek;50286 - Employ Facilitair B.V.;; 2.868,47 
25-02-2025;1200 - Debiteuren;Kerkweg 9a [huis 349] Hensbroek  2025-02 + borg 28-2;50314 - NL Realty B.V.; 3.768,43 ;
19-02-2025;1200 - Debiteuren;Akkerweg 41 [huis 010] DEN OEVER 2025-2 + borg  21-2;50314 - NL Realty B.V.; 5.055,14 ;
28-02-2025;1200 - Debiteuren;NL Realty B.V.  710336 32187 25800613   febr. borg 25800613;50314 - NL Realty B.V.;; 5.055,14 
12-02-2025;1600 - Btw verkoop, hoog tarief (21%);Julianalaan 4 Midlum borg en afrek;50314 - NL Realty B.V.;; 129,58 
12-02-2025;1200 - Debiteuren;Kerkweg 9a [huis 359] Hensbroek borg en afrek;50314 - NL Realty B.V.;; 3.399,59 
18-02-2025;1600 - Btw verkoop, hoog tarief (21%);Akkerweg 41 [huis 56] den Oever 2025-02 + borg;50314 - NL Realty B.V.;; 173,25 
12-02-2025;1600 - Btw verkoop, hoog tarief (21%);Rubensplein 6B Schiedam afrek borg;50394 - Gap Costruzioni Dutch Branch;; 52,50 
28-02-2025;1601 - Btw verkoop, laag tarief (9%);Akkerweg 41 [huis 26) Den Oever 2025-1 + borg 10-1 tm 31-1;100102 - Royal DS Personeel-service; 136,70 ;
28-02-2025;1100 - NL76INGB0008980173;NL Realty B.V.  710336 32188 25800614  febr borg 25800614  f;50314 - NL Realty B.V.; 2.663,19 ;
12-02-2025;1600 - Btw verkoop, hoog tarief (21%);Prinses Wilhelminastraat 9 Hekendorp borg en afrek;50286 - Employ Facilitair B.V.;; 16,33 
12-02-2025;1601 - Btw verkoop, laag tarief (9%);Geleenstraat 1 Geleen borg en afrek;50294 - De Uitlener B.V.;; 16,46 
12-02-2025;1601 - Btw verkoop, laag tarief (9%);Prinses Wilhelminastraat 9 Hekendorp borg en afrek;50286 - Employ Facilitair B.V.;; 5,82 
19-02-2025;1200 - Debiteuren;Flankstraat 11  Sas van Gent 2025-2 + borg 4-2 tm 28-2;100089 - Uitzendbureau Bakker B.V.; 5.310,43 ;
12-02-2025;1165 - Borg;Borg;50433 - GMC KOVI Global Metal Construction; 3.800,00 ;
01-01-2025;1500 - Crediteuren;Stoel borg+ huur februari;50420 - JPJ Stoel;; 2.800,00 
12-02-2025;1600 - Btw verkoop, hoog tarief (21%);Verbindingsweg 20 Essen afrek en borg;50433 - GMC KOVI Global Metal Construction;; 52,50 
12-02-2025;1200 - Debiteuren;Loggerstraat 3 Harlingen afrek + borg;7 - GOTI Verhuur B.V.; 1.160,61 ;
19-02-2025;1200 - Debiteuren;Akkerweg 41 [huis 019] DEN OEVER 2025-2 + borg  21-2;50314 - NL Realty B.V.; 5.055,14 ;
12-02-2025;1370 - Transitoria debet;Borg (01-09-2024 - 30-09-2024);50157 - AmDor Projecten B.V.; 3.933,33 ;
19-02-2025;1600 - Btw verkoop, hoog tarief (21%);Flankstraat 11  Sas van Gent 2025-2 + borg 4-2 tm 28-2;100089 - Uitzendbureau Bakker B.V.;; 115,50 
14-02-2025;1200 - Debiteuren;Adriaan Baasstraat 34 Hoogeveen 2025-2 + borg;100176 - RNVD Industries; 5.432,90 ;
14-02-2025;1200 - Debiteuren;Adriaan Baasstraat 34 Hoogeveen 2025-2 + borg;100176 - RNVD Industries;; 5.432,90 
26-02-2025;1100 - NL76INGB0008980173;Employee Housing Agency B.V.  Borgsom 1900e- Sint Annalandst;100174 - Workforce Housing Holland B.V.; 1.900,00 ;
19-02-2025;1600 - Btw verkoop, hoog tarief (21%);Akkerweg 41 [huis 019] DEN OEVER 2025-2 + borg  21-2;50314 - NL Realty B.V.;; 162,75 
12-02-2025;1600 - Btw verkoop, hoog tarief (21%);Narcissenstraat 23 Rozenburg afrek en borg;50157 - AmDor Projecten B.V.; 216,19 ;
12-02-2025;1200 - Debiteuren;Akkerweg 41 [huis 14] Den Oever afrek en borg;100142 - FGM Solar Renewable S.R.L.;; 2.819,36 
28-02-2025;1200 - Debiteuren;Akkerweg 41 [huis 26) Den Oever 2025-1 + borg 10-1 tm 31-1;100102 - Royal DS Personeel-service;; 3.830,65 
12-02-2025;1600 - Btw verkoop, hoog tarief (21%);Kerkweg 9a [huis 135]  Hensbroek 2024-10 + borg;100126 - Timing Uitzendteam BV;; 14,50 
28-02-2025;1601 - Btw verkoop, laag tarief (9%);Ofwegen 1A Woubrugge 2025-2 + borg;50398 - Orange Investments Group B.V.;; 8,82 
25-02-2025;1200 - Debiteuren;Kerkweg 9a [huis 342] Hensbroek  2025-03 + borg 7-3 ev;50314 - NL Realty B.V.; 7.004,60 ;
28-02-2025;1601 - Btw verkoop, laag tarief (9%);Kruisweg 16 Woubrugge 2025-2 + borg;50398 - Orange Investments Group B.V.;; 14,79 
28-02-2025;1601 - Btw verkoop, laag tarief (9%);Akkerweg 41 [067]  Den Oever 2025-1 + borg;100102 - Royal DS Personeel-service; 130,19 ;
12-02-2025;1200 - Debiteuren;Kerkweg 9a [huis 356] Hensbroek arek en borg;50314 - NL Realty B.V.;; 3.865,09 
12-02-2025;1165 - Borg;Borg;50314 - NL Realty B.V.; 2.195,00 ;
19-02-2025;1601 - Btw verkoop, laag tarief (9%);Kerkweg 9a [huis 348] Hensbroek 2025-3 + borg 28-3;100101 - JJM Personeel B.V.;; 38,76 
19-02-2025;1601 - Btw verkoop, laag tarief (9%);Akkerweg 41 [huis 019] DEN OEVER 2025-2 + borg  21-2;50314 - NL Realty B.V.;; 75,75 
18-02-2025;1200 - Debiteuren;Akkerweg 41 [huis 56] den Oever 2025-02 + borg;50314 - NL Realty B.V.; 3.014,01 ;
25-02-2025;1165 - Borg;Borg;50292 - Suricare B.V.; 1.750,00 ;
12-02-2025;1165 - Borg;Borg;50157 - AmDor Projecten B.V.; 3.933,33 ;
19-02-2025;1600 - Btw verkoop, hoog tarief (21%);Akkerweg 41 [huis 010] DEN OEVER 2025-2 + borg  21-2;50314 - NL Realty B.V.;; 162,75 
25-02-2025;1601 - Btw verkoop, laag tarief (9%);Kerkweg 9a [huis 357] Hensbroek  2025-03 + borg 7-3 ev;50314 - NL Realty B.V.;; 236,71 
25-02-2025;1600 - Btw verkoop, hoog tarief (21%);Akkerweg 41 [huis 42] den Oever 2025-03 + borg 7-3 ev;50314 - NL Realty B.V.;; 183,75 
28-02-2025;1200 - Debiteuren;NL Realty B.V.  710336 32175 25800574 25800574 Borg Akkerweg;50314 - NL Realty B.V.;; 3.014,01 
12-02-2025;1600 - Btw verkoop, hoog tarief (21%);Kerkweg 9a [huis 356] Hensbroek arek en borg;50314 - NL Realty B.V.; 106,75 ;
14-02-2025;1600 - Btw verkoop, hoog tarief (21%);Hof van Zeeland 2 Heinkenszand 2025 7-2 en borg;100176 - RNVD Industries;; 120,75 
28-02-2025;1600 - Btw verkoop, hoog tarief (21%);Akkerweg 41 [huis 26) Den Oever 2025-1 + borg 10-1 tm 31-1;100102 - Royal DS Personeel-service; 30,38 ;
12-02-2025;1200 - Debiteuren;Geleenstraat 1 Geleen borg en afrek;50294 - De Uitlener B.V.;; 1.732,61 
25-02-2025;1601 - Btw verkoop, laag tarief (9%);Kerkweg 9a [huis 342] Hensbroek  2025-03 + borg 7-3 ev;50314 - NL Realty B.V.;; 236,71 
28-02-2025;1200 - Debiteuren;Kruisweg 16 Woubrugge 2025-2 + borg;50398 - Orange Investments Group B.V.; 5.632,92 ;
12-02-2025;1601 - Btw verkoop, laag tarief (9%);Kerkweg 9a [huis 135]  Hensbroek 2024-10 + borg;100126 - Timing Uitzendteam BV;; 78,71 
18-02-2025;1601 - Btw verkoop, laag tarief (9%);Akkerweg 41 [huis 56] den Oever 2025-02 + borg;50314 - NL Realty B.V.;; 166,44 
12-02-2025;1200 - Debiteuren;Admiraliteitskade 80 Rotterdam afrek en borg;50157 - AmDor Projecten B.V.; 1.760,52 ;
25-02-2025;1600 - Btw verkoop, hoog tarief (21%);Kerkweg 9a [huis 349] Hensbroek  2025-02 + borg 28-2;50314 - NL Realty B.V.;; 78,75 
14-02-2025;1200 - Debiteuren;Hof van Zeeland 2 Heinkenszand 2025 7-2 en borg;100176 - RNVD Industries; 7.095,58 ;
03-03-2025;1600 - Btw verkoop, hoog tarief (21%);Noordmolenstraat 36B Schiedam, 2025-01 + borg;50251 - Vastgoed Spijkenisse;; 109,20 
31-03-2025;1600 - Btw verkoop, hoog tarief (21%);Van Hoofsweg 4 Nieuw Vossemeer 2025-3 + borg 29-3- ev;100151 - 4 Homes B.V.;; 78,75 
24-03-2025;1200 - Debiteuren;Deugenweerd 19 Borculo 2024-3 21-3 + borg;100190 - Showtuin Nederland B.V.; 5.104,79 ;
24-03-2025;1200 - Debiteuren;Kierkegaardhod 54 Huizen 2025-4 4-4 + borg;100178 - Bw-engineering; 5.266,65 ;
31-03-2025;1200 - Debiteuren;Van Hoofsweg 4 Nieuw Vossemeer 2025-3 + borg 29-3- ev;100151 - 4 Homes B.V.; 4.413,08 ;
24-03-2025;1601 - Btw verkoop, laag tarief (9%);Inundatiestraat 3  Sas van Gent 2025-3 18-3 + borg;100176 - RNVD Industries;; 98,38 
14-03-2025;1100 - NL76INGB0008980173;NL Realty B.V.  710336 32185 25800612   maart borg 25800612;50314 - NL Realty B.V.; 7.004,60 ;
24-03-2025;1601 - Btw verkoop, laag tarief (9%);Heemskerkstraat 19, Lutjegast 2025-03+ borg;50282 - DIT en Larex Vakpersoneel B.V.;; 186,41 
31-03-2025;1165 - Borg;Borg;50311 - Labour Housing BV; 1.650,00 ;
31-03-2025;1600 - Btw verkoop, hoog tarief (21%);Kethelweg 66a Vlaardingen 2025-4 + borg 4-4 ev;20 - Tradiro Services B.V.;; 78,75 
03-03-2025;1601 - Btw verkoop, laag tarief (9%);Noordmolenstraat 36B Schiedam, 2025-01 + borg;50251 - Vastgoed Spijkenisse;; 72,49 
24-03-2025;1200 - Debiteuren;Amberberg 14 Roosendaal 2025-4 + borg;100151 - 4 Homes B.V.; 7.370,21 ;
24-03-2025;1600 - Btw verkoop, hoog tarief (21%);Enschotsestraat 163  Tilburg 2025-3 + borg;100191 - Buurman Vastgoed E B.V.;; 232,05 
24-03-2025;1600 - Btw verkoop, hoog tarief (21%);Scheepjesbrug 433  Meerkerk 2025-3 22-3 + borg;100137 - Estra Logistics Systems B.V.;; 206,85 
26-03-2025;1000 - Kas;Voorstraat 10 Oude Tonge borg;100094 - I.T.S. SR.L. (INDUSTRIAL TECHNICAL SERVICES), BRAN;; 3.466,66 
24-03-2025;1600 - Btw verkoop, hoog tarief (21%);Baarsveen 197 Spijkenisse 2025-04 + borg;100153 - RNDV Industries;; 178,50 
07-03-2025;1500 - Crediteuren;holland chalet park  238-BEX10594 - huisje 357 - mrt + borg;100108 - Holland Chalet Park; 5.130,51 ;
24-03-2025;1601 - Btw verkoop, laag tarief (9%);Enschotsestraat 163  Tilburg 2025-3 + borg;100191 - Buurman Vastgoed E B.V.;; 340,87 
24-03-2025;1600 - Btw verkoop, hoog tarief (21%);Marnixstraat 32 Hengelo 2025-3 25-3 + borg;50222 - Flexvesting B.V.;; 141,75 
03-03-2025;1601 - Btw verkoop, laag tarief (9%);Noordmolenstraat 36A Schiedam, 2025-01 + borg;50251 - Vastgoed Spijkenisse;; 72,49 
14-03-2025;1200 - Debiteuren;NL Realty B.V.  710336 32185 25800612   maart borg 25800612;50314 - NL Realty B.V.;; 7.004,60 
24-03-2025;1200 - Debiteuren;Baarsveen 197 Spijkenisse 2025-04 + borg;100153 - RNDV Industries; 7.797,47 ;
24-03-2025;1200 - Debiteuren;Scheepjesbrug 433  Meerkerk 2025-3 22-3 + borg;100137 - Estra Logistics Systems B.V.; 6.353,61 ;
24-03-2025;1600 - Btw verkoop, hoog tarief (21%);Inundatiestraat 3  Sas van Gent 2025-3 18-3 + borg;100176 - RNVD Industries;; 160,65 
03-03-2025;1200 - Debiteuren;Noordmolenstraat 36B Schiedam, 2025-01 + borg;50251 - Vastgoed Spijkenisse; 3.257,17 ;
11-03-2025;1600 - Btw verkoop, hoog tarief (21%);Venkelstraat 29a Brielle borg en afrekening;50222 - Flexvesting B.V.;; 792,48 
24-03-2025;1601 - Btw verkoop, laag tarief (9%);Deugenweerd 19 Borculo 2024-3 21-3 + borg;100190 - Showtuin Nederland B.V.;; 92,76 
03-03-2025;1200 - Debiteuren;Noordmolenstraat 36A Schiedam, 2025-01 + borg;50251 - Vastgoed Spijkenisse; 3.257,17 ;
24-03-2025;1200 - Debiteuren;Heemskerkstraat 19, Lutjegast 2025-03+ borg;50282 - DIT en Larex Vakpersoneel B.V.; 5.433,29 ;
11-03-2025;1200 - Debiteuren;Willem de rijkelaan 134 Waddinxveen 2025-01 + borg;100126 - Timing Uitzendteam BV; 7.003,85 ;
21-03-2025;1200 - Debiteuren;Workforce Housing Inter-national  25800256 - Borgsom 2150 (V;100174 - Workforce Housing Holland B.V.;; 4.311,24 
11-03-2025;1200 - Debiteuren;Venkelstraat 29a Brielle borg en afrekening;50222 - Flexvesting B.V.;; 13,54 
26-03-2025;1200 - Debiteuren;Voorstraat 10 Oude Tonge borg;100094 - I.T.S. SR.L. (INDUSTRIAL TECHNICAL SERVICES), BRAN; 3.466,66 ;
24-03-2025;1601 - Btw verkoop, laag tarief (9%);Scheepjesbrug 433  Meerkerk 2025-3 22-3 + borg;100137 - Estra Logistics Systems B.V.;; 112,44 
11-03-2025;1601 - Btw verkoop, laag tarief (9%);Willem de rijkelaan 134 Waddinxveen 2025-01 + borg;100126 - Timing Uitzendteam BV;; 209,71 
24-03-2025;1601 - Btw verkoop, laag tarief (9%);Marnixstraat 32 Hengelo 2025-3 25-3 + borg;50222 - Flexvesting B.V.;; 51,20 
24-03-2025;1600 - Btw verkoop, hoog tarief (21%);Heemskerkstraat 19, Lutjegast 2025-03+ borg;50282 - DIT en Larex Vakpersoneel B.V.;; 160,65 
24-03-2025;1601 - Btw verkoop, laag tarief (9%);Amberberg 14 Roosendaal 2025-4 + borg;100151 - 4 Homes B.V.;; 263,64 
24-03-2025;1200 - Debiteuren;Enschotsestraat 163  Tilburg 2025-3 + borg;100191 - Buurman Vastgoed E B.V.; 10.265,32 ;
14-03-2025;1100 - NL76INGB0008980173;NL Realty B.V.  710336 32264 25800626   febr borg 25800626;50314 - NL Realty B.V.; 3.768,43 ;
21-03-2025;1100 - NL76INGB0008980173;Workforce Housing Inter-national  25800256 - Borgsom 2150 (V;100174 - Workforce Housing Holland B.V.; 4.311,24 ;
24-03-2025;1600 - Btw verkoop, hoog tarief (21%);Kierkegaardhod 54 Huizen 2025-4 4-4 + borg;100178 - Bw-engineering;; 94,50 
31-03-2025;1601 - Btw verkoop, laag tarief (9%);Van Hoofsweg 4 Nieuw Vossemeer 2025-3 + borg 29-3- ev;100151 - 4 Homes B.V.;; 31,73 
24-03-2025;1165 - Borg;Borg;50311 - Labour Housing BV;; 1.650,00 
31-03-2025;1601 - Btw verkoop, laag tarief (9%);Kethelweg 66a Vlaardingen 2025-4 + borg 4-4 ev;20 - Tradiro Services B.V.;; 199,06 
24-03-2025;1200 - Debiteuren;Marnixstraat 32 Hengelo 2025-3 25-3 + borg;50222 - Flexvesting B.V.; 3.986,80 ;
24-03-2025;1600 - Btw verkoop, hoog tarief (21%);Deugenweerd 19 Borculo 2024-3 21-3 + borg;100190 - Showtuin Nederland B.V.;; 196,35 
11-03-2025;1601 - Btw verkoop, laag tarief (9%);Venkelstraat 29a Brielle borg en afrekening;50222 - Flexvesting B.V.; 120,12 ;
14-03-2025;1200 - Debiteuren;NL Realty B.V.  710336 32264 25800626   febr borg 25800626;50314 - NL Realty B.V.;; 3.768,43 
24-03-2025;1600 - Btw verkoop, hoog tarief (21%);Amberberg 14 Roosendaal 2025-4 + borg;100151 - 4 Homes B.V.;; 152,25 
24-03-2025;1200 - Debiteuren;Inundatiestraat 3  Sas van Gent 2025-3 18-3 + borg;100176 - RNVD Industries; 4.492,18 ;
24-03-2025;1601 - Btw verkoop, laag tarief (9%);Baarsveen 197 Spijkenisse 2025-04 + borg;100153 - RNDV Industries;; 288,49 
31-03-2025;1200 - Debiteuren;Kethelweg 66a Vlaardingen 2025-4 + borg 4-4 ev;20 - Tradiro Services B.V.; 5.356,23 ;
07-03-2025;1100 - NL76INGB0008980173;holland chalet park  238-BEX10594 - huisje 357 - mrt + borg;100108 - Holland Chalet Park;; 5.130,51 
24-03-2025;1601 - Btw verkoop, laag tarief (9%);Kierkegaardhod 54 Huizen 2025-4 4-4 + borg;100178 - Bw-engineering;; 191,74 
03-03-2025;1600 - Btw verkoop, hoog tarief (21%);Noordmolenstraat 36A Schiedam, 2025-01 + borg;50251 - Vastgoed Spijkenisse;; 109,20 
11-03-2025;1600 - Btw verkoop, hoog tarief (21%);Willem de rijkelaan 134 Waddinxveen 2025-01 + borg;100126 - Timing Uitzendteam BV;; 189,00 
09-04-2025;1200 - Debiteuren;Kethelweg 66D Vlaardingen 2025-03 + borg;20 - Tradiro Services B.V.; 7.625,68 ;
08-04-2025;1600 - Btw verkoop, hoog tarief (21%);Akkerweg 41 [huis 59) Den Oever borg en afrek;100089 - Uitzendbureau Bakker B.V.;; 98,72 
09-04-2025;1200 - Debiteuren;Akkerweg 41 [huisnummer 36] Den Oever 2025-4 + borg;50175 - Autodaxx B.V.; 4.409,92 ;
09-04-2025;1200 - Debiteuren;Van Ruijsdaellaan 72C, Schiedam 2025-04 +borg;20 - Tradiro Services B.V.; 3.714,15 ;
09-04-2025;1601 - Btw verkoop, laag tarief (9%);Wagenstraat 70, Wagenberg 2025-04 + borg;20 - Tradiro Services B.V.;; 1.021,95 
02-04-2025;1200 - Debiteuren;Nieuwe Zeedijk 1K 308 HELLEVOETSLUIS borg en afrek;50430 - PMM Workforce Management Ltd; 2.944,21 ;
23-04-2025;1600 - Btw verkoop, hoog tarief (21%);Akkerweg 41 [huis 35] Den Oever 2024-4 + borg;100197 - MNA Proud Facilities B.V.;; 105,00 
09-04-2025;1600 - Btw verkoop, hoog tarief (21%);Van Ruijsdaellaan 72C, Schiedam 2025-04 +borg;20 - Tradiro Services B.V.;; 78,75 
23-04-2025;1601 - Btw verkoop, laag tarief (9%);Akkerweg 41 [huis 17] Den Oever 2024-4 + borg;100197 - MNA Proud Facilities B.V.;; 123,09 
09-04-2025;1200 - Debiteuren;Deugenweerd 19 Borculo 2024-3 21-3 + borg;100190 - Showtuin Nederland B.V.;; 5.104,79 
02-04-2025;1600 - Btw verkoop, hoog tarief (21%);Wijngaard 66 lelystad borg en eindafrekening;50275 - M@tchm@kers International B.V.;; 335,94 
02-04-2025;1200 - Debiteuren;Akkerweg 41 [huis 75] Den Oever borg en afrek;100142 - FGM Solar Renewable S.R.L.;; 1.172,49 
09-04-2025;1601 - Btw verkoop, laag tarief (9%);Deugenweerd 19 Borculo 2024-3 21-3 + borg;100190 - Showtuin Nederland B.V.; 92,76 ;
09-04-2025;1200 - Debiteuren;Baarsveen 197 Spijkenisse 2025-04 + borg;100153 - RNDV Industries; 7.797,47 ;
02-04-2025;1600 - Btw verkoop, hoog tarief (21%);Oudewerfslaan 84 Winschoten 2025-02 + borg;50293 - Eemsdelta Housing B.V.;; 81,90 
02-04-2025;1601 - Btw verkoop, laag tarief (9%);Wijngaard 66 lelystad 2025-03 +borg;50441 - Oranjegroep Vastgoed B.V.;; 261,59 
09-04-2025;1601 - Btw verkoop, laag tarief (9%);Archimedesstraat 6B, Schiedam 2025-04 + borg;20 - Tradiro Services B.V.;; 140,40 
23-04-2025;1601 - Btw verkoop, laag tarief (9%);Akkerweg 41 [huis 11] Den Oever 2024-4 + borg;100197 - MNA Proud Facilities B.V.;; 123,09 
09-04-2025;1600 - Btw verkoop, hoog tarief (21%);Heemskerkstraat 19 Lutjegast borg en afrek;16 - United Homes B.V.;; 95,02 
09-04-2025;1601 - Btw verkoop, laag tarief (9%);Van Ruijsdaellaan 72B, Schiedam 2025-04 + borg;20 - Tradiro Services B.V.;; 140,40 
02-04-2025;1600 - Btw verkoop, hoog tarief (21%);Akkerweg 41 [huis 75] Den Oever borg en afrek;100142 - FGM Solar Renewable S.R.L.;; 129,67 
30-04-2025;1600 - Btw verkoop, hoog tarief (21%);Johan Willem Frisostraat 36 Sneek 2025-5 + borg;33 - Team Home Rentals B.V.;; 178,50 
30-04-2025;1601 - Btw verkoop, laag tarief (9%);Johan Willem Frisostraat 36 Sneek 2025-5 + borg;33 - Team Home Rentals B.V.;; 258,75 
30-04-2025;1200 - Debiteuren;Bettingeslag 10 Emmen 2025-5 + borg;100200 - Shtan Vitaliy; 4.180,01 ;
14-04-2025;1601 - Btw verkoop, laag tarief (9%);Adriaan Baasstraat 34 Hoogeveen 2025-4 + borg 18-4 ev;50198 - InAxtion Vastgoed B.V.;; 340,22 
02-04-2025;1600 - Btw verkoop, hoog tarief (21%);Nieuwe Zeedijk 1K 308 HELLEVOETSLUIS borg en afrek;50430 - PMM Workforce Management Ltd;; 1.232,96 
09-04-2025;1200 - Debiteuren;Archimedesstraat 6B, Schiedam 2025-04 + borg;20 - Tradiro Services B.V.; 3.260,40 ;
09-04-2025;1600 - Btw verkoop, hoog tarief (21%);Wagenstraat 70, Wagenberg 2025-04 + borg;20 - Tradiro Services B.V.;; 157,50 
29-04-2025;1000 - Kas;Kanaal van Steenenhoek ZZ10 Gorinchem borg;50434 - Team Technical Services BV;; 3.575,85 
14-04-2025;1200 - Debiteuren;Kruiningenstraat 152  Rotterdam 2024-11 + borg;100141 - Multiservizi Romania SRL; 3.899,50 ;
23-04-2025;1600 - Btw verkoop, hoog tarief (21%);Akkerweg 41 [huis 11] Den Oever 2024-4 + borg;100197 - MNA Proud Facilities B.V.;; 152,25 
16-04-2025;1000 - Kas;Deugenweerd 19 Borculo 2024-3 21-3 + borg;100190 - Showtuin Nederland B.V.;; 5.104,79 
08-04-2025;1200 - Debiteuren;Akkerweg 41 [huis 59) Den Oever borg en afrek;100089 - Uitzendbureau Bakker B.V.;; 1.431,17 
09-04-2025;1601 - Btw verkoop, laag tarief (9%);Akkerweg 41 [huisnummer 36] Den Oever 2025-4 + borg;50175 - Autodaxx B.V.;; 151,79 
09-04-2025;1600 - Btw verkoop, hoog tarief (21%);Deugenweerd 19 Borculo 2024-3 21-3 + borg;100190 - Showtuin Nederland B.V.; 196,35 ;
09-04-2025;1200 - Debiteuren;Baarsveen 197 Spijkenisse 2025-04 + borg;100153 - RNDV Industries;; 7.797,47 
23-04-2025;1600 - Btw verkoop, hoog tarief (21%);Akkerweg 41 [huis 17] Den Oever 2024-4 + borg;100197 - MNA Proud Facilities B.V.;; 141,75 
23-04-2025;1601 - Btw verkoop, laag tarief (9%);Akkerweg 41 [huis 35] Den Oever 2024-4 + borg;100197 - MNA Proud Facilities B.V.;; 82,70 
09-04-2025;1200 - Debiteuren;Baarsveen 197 Spijkenisse 2025-04 + borg;100153 - RNDV Industries;; 7.797,47 
02-04-2025;1601 - Btw verkoop, laag tarief (9%);Akkerweg 41 [huis 38] Den Oever 2025-3 + borg;100195 - FISSH B.V.;; 23,08 
02-04-2025;1200 - Debiteuren;Oudewerfslaan 84 Winschoten 2025-02 + borg;50293 - Eemsdelta Housing B.V.; 4.177,83 ;
30-04-2025;1600 - Btw verkoop, hoog tarief (21%);Bettingeslag 10 Emmen 2025-5 + borg;100200 - Shtan Vitaliy;; 115,50 
30-04-2025;1200 - Debiteuren;Johan Willem Frisostraat 36 Sneek 2025-5 + borg;33 - Team Home Rentals B.V.; 7.037,25 ;
16-04-2025;1200 - Debiteuren;Deugenweerd 19 Borculo 2024-3 21-3 + borg;100190 - Showtuin Nederland B.V.; 5.104,79 ;
29-04-2025;1200 - Debiteuren;Kanaal van Steenenhoek ZZ10 Gorinchem borg;50434 - Team Technical Services BV; 3.575,85 ;
09-04-2025;1200 - Debiteuren;Van Ruijsdaellaan 72B, Schiedam 2025-04 + borg;20 - Tradiro Services B.V.; 3.714,15 ;
30-04-2025;1601 - Btw verkoop, laag tarief (9%);Bettingeslag 10 Emmen 2025-5 + borg;100200 - Shtan Vitaliy;; 137,44 
14-04-2025;1601 - Btw verkoop, laag tarief (9%);Kruiningenstraat 152  Rotterdam 2024-11 + borg;100141 - Multiservizi Romania SRL;; 157,50 
09-04-2025;1600 - Btw verkoop, hoog tarief (21%);Kethelweg 66D Vlaardingen 2025-03 + borg;20 - Tradiro Services B.V.;; 78,75 
07-04-2025;1200 - Debiteuren;Deugenweerd 18 Broculo borg en afrek;50188 - Werckpost Service B.V.;; 1.578,08 
09-04-2025;1200 - Debiteuren;Akkerweg 41 [huis 57] Den Oever 2025-01 + borg;100138 - Fareon Z Nederland; 3.377,54 ;
23-04-2025;1200 - Debiteuren;Akkerweg 41 [huis 35] Den Oever 2024-4 + borg;100197 - MNA Proud Facilities B.V.; 3.756,60 ;
23-04-2025;1200 - Debiteuren;Akkerweg 41 [huis 17] Den Oever 2024-4 + borg;100197 - MNA Proud Facilities B.V.; 5.507,51 ;
02-04-2025;1600 - Btw verkoop, hoog tarief (21%);Wijngaard 66 lelystad 2025-03 +borg;50441 - Oranjegroep Vastgoed B.V.;; 63,87 
02-04-2025;1200 - Debiteuren;Wijngaard 66 lelystad 2025-03 +borg;50441 - Oranjegroep Vastgoed B.V.; 6.286,10 ;
09-04-2025;1600 - Btw verkoop, hoog tarief (21%);Van Ruijsdaellaan 72B, Schiedam 2025-04 + borg;20 - Tradiro Services B.V.;; 78,75 
09-04-2025;1600 - Btw verkoop, hoog tarief (21%);Van Ruijsdaellaan 72A, Schiedam 2025-03 + borg;20 - Tradiro Services B.V.;; 78,75 
09-04-2025;1600 - Btw verkoop, hoog tarief (21%);Akkerweg 41 [huis 57] Den Oever 2025-01 + borg;100138 - Fareon Z Nederland;; 115,50 
09-04-2025;1000 - Kas;Baarsveen 197 Spijkenisse 2025-04 + borg;100153 - RNDV Industries;; 7.797,47 
02-04-2025;1600 - Btw verkoop, hoog tarief (21%);Kleine Beer 60 Hoogeveen 2025-4 + borg;100174 - Workforce Housing Holland B.V.;; 245,70 
09-04-2025;1200 - Debiteuren;Van Ruijsdaellaan 72A, Schiedam 2025-03 + borg;20 - Tradiro Services B.V.; 3.714,15 ;
02-04-2025;1200 - Debiteuren;Akkerweg 41 [huis 38] Den Oever 2025-3 + borg;100195 - FISSH B.V.; 3.587,37 ;
09-04-2025;1600 - Btw verkoop, hoog tarief (21%);Baarsveen 197 Spijkenisse 2025-04 + borg;100153 - RNDV Industries; 178,50 ;
09-04-2025;1601 - Btw verkoop, laag tarief (9%);Van Ruijsdaellaan 72A, Schiedam 2025-03 + borg;20 - Tradiro Services B.V.;; 140,40 
02-04-2025;1600 - Btw verkoop, hoog tarief (21%);Akkerweg 41 [huis 38] Den Oever 2025-3 + borg;100195 - FISSH B.V.;; 122,85 
09-04-2025;1200 - Debiteuren;Heemskerkstraat 19 Lutjegast borg en afrek;16 - United Homes B.V.;; 1.552,52 
09-04-2025;1200 - Debiteuren;Wagenstraat 70, Wagenberg 2025-04 + borg;20 - Tradiro Services B.V.; 20.854,45 ;
02-04-2025;1200 - Debiteuren;Kleine Beer 60 Hoogeveen 2025-4 + borg;100174 - Workforce Housing Holland B.V.; 9.775,70 ;
09-04-2025;1601 - Btw verkoop, laag tarief (9%);Akkerweg 41 [huis 57] Den Oever 2025-01 + borg;100138 - Fareon Z Nederland;; 141,36 
02-04-2025;1601 - Btw verkoop, laag tarief (9%);Akkerweg 41 [huis 75] Den Oever borg en afrek;100142 - FGM Solar Renewable S.R.L.;; 29,34 
09-04-2025;1600 - Btw verkoop, hoog tarief (21%);Akkerweg 41 [huisnummer 36] Den Oever 2025-4 + borg;50175 - Autodaxx B.V.;; 116,55 
09-04-2025;1601 - Btw verkoop, laag tarief (9%);Baarsveen 197 Spijkenisse 2025-04 + borg;100153 - RNDV Industries; 288,49 ;
09-04-2025;1601 - Btw verkoop, laag tarief (9%);Kethelweg 66D Vlaardingen 2025-03 + borg;20 - Tradiro Services B.V.;; 386,45 
14-04-2025;1600 - Btw verkoop, hoog tarief (21%);Kruiningenstraat 152  Rotterdam 2024-11 + borg;100141 - Multiservizi Romania SRL;; 42,00 
09-04-2025;1601 - Btw verkoop, laag tarief (9%);Van Ruijsdaellaan 72C, Schiedam 2025-04 +borg;20 - Tradiro Services B.V.;; 140,40 
02-04-2025;1200 - Debiteuren;Wijngaard 66 lelystad borg en eindafrekening;50275 - M@tchm@kers International B.V.;; 814,33 
09-04-2025;1000 - Kas;Baarsveen 197 Spijkenisse 2025-04 + borg;100153 - RNDV Industries; 7.797,47 ;
14-04-2025;1200 - Debiteuren;Adriaan Baasstraat 34 Hoogeveen 2025-4 + borg 18-4 ev;50198 - InAxtion Vastgoed B.V.; 4.120,49 ;
02-04-2025;1601 - Btw verkoop, laag tarief (9%);Kleine Beer 60 Hoogeveen 2025-4 + borg;100174 - Workforce Housing Holland B.V.;; 360,00 
02-04-2025;1601 - Btw verkoop, laag tarief (9%);Oudewerfslaan 84 Winschoten 2025-02 + borg;50293 - Eemsdelta Housing B.V.;; 140,86 
23-04-2025;1200 - Debiteuren;Akkerweg 41 [huis 11] Den Oever 2024-4 + borg;100197 - MNA Proud Facilities B.V.; 5.568,01 ;
07-04-2025;1600 - Btw verkoop, hoog tarief (21%);Deugenweerd 18 Broculo borg en afrek;50188 - Werckpost Service B.V.;; 222,48 
23-05-2025;1200 - Debiteuren;Inundatiestraat 3 Sas van Gent borg en afrekening;100136 - IPS Industrial Plant Solutions Kft.; 803,37 ;
23-05-2025;1600 - Btw verkoop, hoog tarief (21%);Inundatiestraat 3 Sas van Gent borg en afrekening;100136 - IPS Industrial Plant Solutions Kft.;; 514,90 
26-05-2025;1600 - Btw verkoop, hoog tarief (21%);Enschotsestraat 163, Tilburg 2025 borg en afrekening;50396 - Head Vastgoed B.V.;; 395,85 
26-05-2025;1200 - Debiteuren;Enschotsestraat 163, Tilburg 2025 borg en afrekening;50396 - Head Vastgoed B.V.;; 2.718,81 
07-05-2025;1000 - Kas;Wijngaard 66 lelystad borg en eindafrekening;50275 - M@tchm@kers International B.V.;; 387,20 
26-05-2025;1601 - Btw verkoop, laag tarief (9%);Enschotsestraat 163, Tilburg 2025 borg en afrekening;50396 - Head Vastgoed B.V.;; 16,54 
12-05-2025;1500 - Crediteuren;holland chalet park  238-BEX10593 - huisje 348 - maart+borg;100108 - Holland Chalet Park; 3.186,81 ;
16-05-2025;1601 - Btw verkoop, laag tarief (9%);H. Algraplein 25 Franeker 2025-5 17-5 tm 31-5 + borg;100201 - Key4work B.V.;; 110,96 
07-05-2025;1200 - Debiteuren;Wijngaard 66 lelystad borg en eindafrekening;50275 - M@tchm@kers International B.V.; 387,20 ;
12-05-2025;1100 - NL76INGB0008980173;holland chalet park  238-BEX10593 - huisje 348 - maart+borg;100108 - Holland Chalet Park;; 3.186,81 
07-05-2025;1610 - Btw inkoop, hoog tarief (21%);cb homes  Zoutkamp april 2797.52 en borg 2.312 NL61INGB00067;50151 - CB-Homes B.V.; 485,52 ;
26-05-2025;1200 - Debiteuren;Pastoriedijk 89 PERNIS borg en afrekening;50448 - Focuzop-eu;; 1.957,94 
16-05-2025;1200 - Debiteuren;H. Algraplein 25 Franeker 2025-5 17-5 tm 31-5 + borg;100201 - Key4work B.V.; 4.618,24 ;
14-05-2025;1200 - Debiteuren;Malzwin 34 Lelystad borg;50275 - M@tchm@kers International B.V.;; 2.560,00 
26-05-2025;1600 - Btw verkoop, hoog tarief (21%);Pastoriedijk 89 PERNIS borg en afrekening;50448 - Focuzop-eu;; 41,96 
23-05-2025;1601 - Btw verkoop, laag tarief (9%);Inundatiestraat 3 Sas van Gent borg en afrekening;100136 - IPS Industrial Plant Solutions Kft.;; 13,34 
16-05-2025;1600 - Btw verkoop, hoog tarief (21%);H. Algraplein 25 Franeker 2025-5 17-5 tm 31-5 + borg;100201 - Key4work B.V.;; 134,40 
26-05-2025;1601 - Btw verkoop, laag tarief (9%);Pastoriedijk 89 PERNIS borg en afrekening;50448 - Focuzop-eu;; 16,54 
18-06-2025;1200 - Debiteuren;Amberberg 14 Roosendaal borg + afrek;50157 - AmDor Projecten B.V.;; 862,04 
12-06-2025;1200 - Debiteuren;Hof van Zeeland 2 Heinkenszand 2025 afrekening en borg;100176 - RNVD Industries;; 3.047,50 
24-06-2025;1600 - Btw verkoop, hoog tarief (21%);Kerkweg 9a (huis 269) Hensbroek borg en afrek;50367 - Facili Flex BV;; 174,21 
25-06-2025;1601 - Btw verkoop, laag tarief (9%);Willem de Rijkelaan 134, Waddinxveen Borg;100126 - Timing Uitzendteam BV;; 17,48 
27-06-2025;1200 - Debiteuren;Kastanjelaan 232, Bergen op Zoom Borg;50201 - DS People B.V.;; 841,41 
04-06-2025;1165 - Borg;Borg;50132 - Vaktec B.V.; 2.340,00 ;
13-06-2025;1601 - Btw verkoop, laag tarief (9%);Kerkweg 9a [huisnummer 135] Hensbroek 2025-6 13-6 + borg;50188 - Werckpost Service B.V.;; 101,19 
18-06-2025;1600 - Btw verkoop, hoog tarief (21%);Marathonlaan 26 Gouda 2025-06 + borg vanaf 25-6;100178 - Bw-engineering;; 178,50 
12-06-2025;1200 - Debiteuren;Schoonegge 110 Rotterdam 2025-06 + borg;100094 - I.T.S. SR.L. (INDUSTRIAL TECHNICAL SERVICES), BRAN;; 6.441,73 
02-06-2025;1500 - Crediteuren;Vivir Wonen borg;29 - Vivir Wonen;; 2.050,00 
04-06-2025;1200 - Debiteuren;Akkerweg 41 [huis 57] Den Oever 2025-01 + borg;100138 - Fareon Z Nederland;; 3.377,54 
04-06-2025;1601 - Btw verkoop, laag tarief (9%);Akkerweg 41 [huis 57] Den Oever 2025-01 + borg;100138 - Fareon Z Nederland; 141,36 ;
03-06-2025;1600 - Btw verkoop, hoog tarief (21%);Deugenweerd 18  Borculo 2025-5 + borg;50286 - Employ Facilitair B.V.;; 29,40 
04-06-2025;1600 - Btw verkoop, hoog tarief (21%);Akkerweg 41 [huis 57] Den Oever 2025-01 + borg;100138 - Fareon Z Nederland; 115,50 ;
12-06-2025;1600 - Btw verkoop, hoog tarief (21%);Jacob van Offwegenlaan 26 Rijswijk borg afrek;50222 - Flexvesting B.V.;; 243,99 
12-06-2025;1200 - Debiteuren;Acialaan 9 Pijacker borg;50398 - Orange Investments Group B.V.;; 2.795,92 
12-06-2025;1200 - Debiteuren;Schoonegge 110 Rotterdam 2025-06 + borg;100094 - I.T.S. SR.L. (INDUSTRIAL TECHNICAL SERVICES), BRAN;; 6.441,73 
02-06-2025;1600 - Btw verkoop, hoog tarief (21%);Tholenstraat 114 Rotterdam 2025-6 + borg 6-6 ev;100094 - I.T.S. SR.L. (INDUSTRIAL TECHNICAL SERVICES), BRAN;; 127,05 
03-06-2025;1601 - Btw verkoop, laag tarief (9%);Schoonegge 110 Rotterdam 2025-06 + borg;100094 - I.T.S. SR.L. (INDUSTRIAL TECHNICAL SERVICES), BRAN;; 236,12 
24-06-2025;1200 - Debiteuren;Kerkweg 9a (huis 349) borg en afrek;50367 - Facili Flex BV;; 2.494,49 
27-06-2025;1600 - Btw verkoop, hoog tarief (21%);Kastanjelaan 232, Bergen op Zoom Borg;50201 - DS People B.V.;; 226,00 
24-06-2025;1600 - Btw verkoop, hoog tarief (21%);Kerkweg 9a (huis 349) borg en afrek;50367 - Facili Flex BV; 126,00 ;
24-06-2025;1000 - Kas;Platostraat 80 Rotterdam borg en afrek;50398 - Orange Investments Group B.V.;; 1.219,34 
27-06-2025;1601 - Btw verkoop, laag tarief (9%);Kastanjelaan 232, Bergen op Zoom Borg;50201 - DS People B.V.;; 29,43 
24-06-2025;1601 - Btw verkoop, laag tarief (9%);Kerkweg 9a (huis 349) borg en afrek;50367 - Facili Flex BV;; 112,58 
12-06-2025;1601 - Btw verkoop, laag tarief (9%);Schoonegge 110 Rotterdam 2025-06 + borg;50159 - EU Facility Services;; 136,11 
12-06-2025;1610 - Btw inkoop, hoog tarief (21%);Fryslan Homes Rental  retour waarborgsom Voeghoutenstraat 23;; 210,00 ;
24-06-2025;1200 - Debiteuren;Wilhelminastraat 8 Stavenisse borg;35 - Interim Jobs B.V.;; 2.100,00 
02-06-2025;1200 - Debiteuren;Tholenstraat 114 Rotterdam 2025-6 + borg 6-6 ev;100094 - I.T.S. SR.L. (INDUSTRIAL TECHNICAL SERVICES), BRAN; 4.808,21 ;
03-06-2025;1200 - Debiteuren;Deugenweerd 18  Borculo 2025-5 + borg;50286 - Employ Facilitair B.V.; 3.116,49 ;
12-06-2025;1600 - Btw verkoop, hoog tarief (21%);Schoonegge 110 Rotterdam 2025-06 + borg;100094 - I.T.S. SR.L. (INDUSTRIAL TECHNICAL SERVICES), BRAN; 127,05 ;
03-06-2025;1200 - Debiteuren;Schoonegge 110 Rotterdam 2025-06 + borg;100094 - I.T.S. SR.L. (INDUSTRIAL TECHNICAL SERVICES), BRAN; 6.441,73 ;
12-06-2025;1200 - Debiteuren;Akkerweg 41 [huis 57] Den Oever 2025-01 + borg;100138 - Fareon Z Nederland; 3.377,54 ;
12-06-2025;1600 - Btw verkoop, hoog tarief (21%);Hof van Zeeland 2 Heinkenszand 2025 afrekening en borg;100176 - RNVD Industries;; 52,50 
24-06-2025;1601 - Btw verkoop, laag tarief (9%);Platostraat 80 Rotterdam borg en afrek;50398 - Orange Investments Group B.V.;; 11,63 
12-06-2025;1200 - Debiteuren;Schoonegge 110 Rotterdam 2025-06 + borg;50159 - EU Facility Services; 4.553,44 ;
18-06-2025;1200 - Debiteuren;Prunuslaan 36  retour dubbele borg;50282 - DIT en Larex Vakpersoneel B.V.;; 1.690,00 
02-06-2025;1100 - NL76INGB0008980173;verspui  1800 borg en 1.800 huur Baanhoek 137 Sliedrecht NL5;50243 - Dhr. R Verspui;; 3.600,00 
24-06-2025;1200 - Debiteuren;Platostraat 80 Rotterdam borg en afrek;50398 - Orange Investments Group B.V.;; 1.838,92 
12-06-2025;1601 - Btw verkoop, laag tarief (9%);Schoonegge 110 Rotterdam 2025-06 + borg;100094 - I.T.S. SR.L. (INDUSTRIAL TECHNICAL SERVICES), BRAN; 236,12 ;
25-06-2025;1600 - Btw verkoop, hoog tarief (21%);Willem de Rijkelaan 134, Waddinxveen Borg;100126 - Timing Uitzendteam BV;; 94,68 
12-06-2025;1601 - Btw verkoop, laag tarief (9%);Socratessstraat 168 Rotterdam borg en afrek;50398 - Orange Investments Group B.V.;; 11,30 
02-06-2025;1601 - Btw verkoop, laag tarief (9%);Tholenstraat 114 Rotterdam 2025-6 + borg 6-6 ev;100094 - I.T.S. SR.L. (INDUSTRIAL TECHNICAL SERVICES), BRAN;; 159,04 
03-06-2025;1601 - Btw verkoop, laag tarief (9%);Bettingeslag 10 Emmen 2025-5 + borg;100206 - CB Construction UAB;; 33,73 
12-06-2025;1200 - Debiteuren;Jacob van Offwegenlaan 26 Rijswijk borg afrek;50222 - Flexvesting B.V.;; 384,96 
12-06-2025;1200 - Debiteuren;Schoonegge 110 Rotterdam 2025-06 + borg;100094 - I.T.S. SR.L. (INDUSTRIAL TECHNICAL SERVICES), BRAN; 6.441,73 ;
24-06-2025;1200 - Debiteuren;Akkerweg 41 [huis 57] Den Oever 2025-04 + borg;100197 - MNA Proud Facilities B.V.; 3.217,28 ;
12-06-2025;1000 - Kas;Akkerweg 41 [huis 57] Den Oever 2025-01 + borg;100138 - Fareon Z Nederland;; 3.377,54 
24-06-2025;1200 - Debiteuren;Rivierdijk 792 borg;35 - Interim Jobs B.V.;; 1.830,00 
18-06-2025;1601 - Btw verkoop, laag tarief (9%);Marathonlaan 26 Gouda 2025-06 + borg vanaf 25-6;100178 - Bw-engineering;; 62,19 
12-06-2025;1600 - Btw verkoop, hoog tarief (21%);Schoonegge 110 Rotterdam 2025-06 + borg;50159 - EU Facility Services;; 105,00 
24-06-2025;1200 - Debiteuren;Kerkweg 9a (huis 269) Hensbroek borg en afrek;50367 - Facili Flex BV;; 1.084,24 
03-06-2025;1200 - Debiteuren;Bettingeslag 10 Emmen 2025-5 + borg;100206 - CB Construction UAB; 3.040,57 ;
03-06-2025;1600 - Btw verkoop, hoog tarief (21%);Schoonegge 110 Rotterdam 2025-06 + borg;100094 - I.T.S. SR.L. (INDUSTRIAL TECHNICAL SERVICES), BRAN;; 127,05 
13-06-2025;1600 - Btw verkoop, hoog tarief (21%);Kerkweg 9a [huisnummer 135] Hensbroek 2025-6 13-6 + borg;50188 - Werckpost Service B.V.;; 94,50 
18-06-2025;1600 - Btw verkoop, hoog tarief (21%);Amberberg 14 Roosendaal borg + afrek;50157 - AmDor Projecten B.V.;; 324,56 
18-06-2025;1200 - Debiteuren;Marathonlaan 26 Gouda 2025-06 + borg vanaf 25-6;100178 - Bw-engineering; 5.081,65 ;
24-06-2025;1601 - Btw verkoop, laag tarief (9%);Enschotsestraat 163 Tilburg 2025-6 + borg;100212 - Optima Uitzendbureau B.V.;; 135,37 
12-06-2025;1200 - Debiteuren;Socratessstraat 168 Rotterdam borg en afrek;50398 - Orange Investments Group B.V.;; 1.823,76 
12-06-2025;1200 - Debiteuren;Akkerweg 41 [huis 57] Den Oever 2025-01 + borg;100138 - Fareon Z Nederland;; 3.377,54 
12-06-2025;1600 - Btw verkoop, hoog tarief (21%);Acialaan 9 Pijacker borg;50398 - Orange Investments Group B.V.;; 65,31 
03-06-2025;1600 - Btw verkoop, hoog tarief (21%);Bettingeslag 10 Emmen 2025-5 + borg;100206 - CB Construction UAB;; 127,05 
13-06-2025;1165 - Borg;Borg;50188 - Werckpost Service B.V.;; 1.900,00 
25-06-2025;1200 - Debiteuren;Amberberg 14, Roosendaal borg;100151 - 4 Homes B.V.;; 3.300,00 
03-06-2025;1200 - Debiteuren;Punter 22 / 34 Lelystad borg en eindafrekening;50431 - Dunaj Projekty SRO;; 1.806,07 
03-06-2025;1600 - Btw verkoop, hoog tarief (21%);Punter 22 / 34 Lelystad borg en eindafrekening;50431 - Dunaj Projekty SRO;; 130,85 
12-06-2025;1000 - Kas;Schoonegge 110 Rotterdam 2025-06 + borg;100094 - I.T.S. SR.L. (INDUSTRIAL TECHNICAL SERVICES), BRAN; 6.441,73 ;
24-06-2025;1200 - Debiteuren;Enschotsestraat 163 Tilburg 2025-6 + borg;100212 - Optima Uitzendbureau B.V.; 6.668,23 ;
12-06-2025;1000 - Kas;Akkerweg 41 [huis 57] Den Oever 2025-01 + borg;100138 - Fareon Z Nederland; 3.377,54 ;
12-06-2025;1601 - Btw verkoop, laag tarief (9%);Acialaan 9 Pijacker borg;50398 - Orange Investments Group B.V.;; 18,81 
24-06-2025;1601 - Btw verkoop, laag tarief (9%);Akkerweg 41 [huis 57] Den Oever 2025-04 + borg;100197 - MNA Proud Facilities B.V.;; 38,17 
13-06-2025;1200 - Debiteuren;Kerkweg 9a [huisnummer 135] Hensbroek 2025-6 13-6 + borg;50188 - Werckpost Service B.V.; 3.670,07 ;
04-06-2025;1200 - Debiteuren;De Grouw Leek borg;50132 - Vaktec B.V.;; 2.340,00 
03-06-2025;1601 - Btw verkoop, laag tarief (9%);Deugenweerd 18  Borculo 2025-5 + borg;50286 - Employ Facilitair B.V.;; 16,27 
24-06-2025;1600 - Btw verkoop, hoog tarief (21%);Enschotsestraat 163 Tilburg 2025-6 + borg;100212 - Optima Uitzendbureau B.V.;; 78,75 
25-06-2025;1200 - Debiteuren;Willem de Rijkelaan 134, Waddinxveen Borg;100126 - Timing Uitzendteam BV;; 2.617,82 
12-06-2025;1601 - Btw verkoop, laag tarief (9%);Jacob van Offwegenlaan 26 Rijswijk borg afrek;50222 - Flexvesting B.V.;; 23,47 
12-06-2025;1000 - Kas;Schoonegge 110 Rotterdam 2025-06 + borg;100094 - I.T.S. SR.L. (INDUSTRIAL TECHNICAL SERVICES), BRAN;; 6.441,73 
24-06-2025;1600 - Btw verkoop, hoog tarief (21%);Platostraat 80 Rotterdam borg en afrek;50398 - Orange Investments Group B.V.; 39,88 ;
24-06-2025;1200 - Debiteuren;Platostraat 80 Rotterdam borg en afrek;50398 - Orange Investments Group B.V.; 1.219,34 ;
24-06-2025;1600 - Btw verkoop, hoog tarief (21%);Akkerweg 41 [huis 57] Den Oever 2025-04 + borg;100197 - MNA Proud Facilities B.V.;; 105,00 
12-06-2025;1600 - Btw verkoop, hoog tarief (21%);Socratessstraat 168 Rotterdam borg en afrek;50398 - Orange Investments Group B.V.; 36,55 ;
18-06-2025;1601 - Btw verkoop, laag tarief (9%);Amberberg 14 Roosendaal borg + afrek;50157 - AmDor Projecten B.V.;; 44,82 
17-07-2025;1600 - Btw verkoop, hoog tarief (21%);Groenelaan 30B Schiedam Borg + afrek;100177 - Flexbo B.V.; 41,68 ;
22-07-2025;1601 - Btw verkoop, laag tarief (9%);Akkerweg 41 [huis 36] Den Oever 2024-7 15-7 + borg;100197 - MNA Proud Facilities B.V.;; 108,15 
11-07-2025;1601 - Btw verkoop, laag tarief (9%);Dorpstraat 48 Lopik Borg + afrek;50441 - Oranjegroep Vastgoed B.V.;; 125,53 
15-07-2025;1165 - Borg;VAN DE MIEROP JEF + ELS Borg Verbindingsstraat 20;50443 - Jef van Mierop;; 1.206,40 
17-07-2025;1601 - Btw verkoop, laag tarief (9%);Groenelaan 30B Schiedam Borg + afrek;100177 - Flexbo B.V.;; 233,59 
22-07-2025;1200 - Debiteuren;Akkerweg 41 [huis 36] Den Oever 2024-7 15-7 + borg;100197 - MNA Proud Facilities B.V.; 4.064,79 ;
07-07-2025;1600 - Btw verkoop, hoog tarief (21%);Enschotsestraat 163, Tilburg borg en afrek;100191 - Buurman Vastgoed E B.V.;; 147,84 
14-07-2025;1200 - Debiteuren;Ruigenhoek 69, Rotterdam 2025-07 en borg;50159 - EU Facility Services; 5.613,49 ;
24-07-2025;1500 - Crediteuren;Vivir Wonen credit waarborgsom;29 - Vivir Wonen; 3.550,00 ;
23-07-2025;1200 - Debiteuren;Bettingeslag 10 Emmen 2025-5 + borg;100200 - Shtan Vitaliy;; 4.180,01 
14-07-2025;1601 - Btw verkoop, laag tarief (9%);Ruigenhoek 69, Rotterdam 2025-07 en borg;50159 - EU Facility Services;; 207,12 
14-07-2025;1601 - Btw verkoop, laag tarief (9%);Kimbrenoord 49 Rotterdam 2025-07 + borg;100221 - LogIQ Barendrecht B.V.;; 186,41 
30-07-2025;1200 - Debiteuren;Schoonegge 110 Rotterdam afrekening borg;50182 - dockHolland Huisvesting B.V.;; 2.340,00 
23-07-2025;1600 - Btw verkoop, hoog tarief (21%);Pastoor Gillis straat 81a  Rijen 2025-07 + borg;50311 - Labour Housing BV;; 152,25 
23-07-2025;1600 - Btw verkoop, hoog tarief (21%);Bettingeslag 10 Emmen 2025-5 + borg;100200 - Shtan Vitaliy; 115,50 ;
02-07-2025;1601 - Btw verkoop, laag tarief (9%);Sint Annalandstraat 116 Rotterdam Borg en afrek;100174 - Workforce Housing Holland B.V.; 33,29 ;
02-07-2025;1600 - Btw verkoop, hoog tarief (21%);Sint Annalandstraat 116 Rotterdam Borg en afrek;100174 - Workforce Housing Holland B.V.;; 51,84 
14-07-2025;1601 - Btw verkoop, laag tarief (9%);Kruiningenstraat 185, Rotterdam 2025-07+borg;50159 - EU Facility Services;; 207,12 
24-07-2025;1100 - NL76INGB0008980173;Vivir Wonen  2025542 Borg retour Arkelse Onderweg 24 A Gorin;29 - Vivir Wonen; 3.550,00 ;
14-07-2025;1200 - Debiteuren;Kruiningenstraat 185, Rotterdam 2025-07+borg;50159 - EU Facility Services; 5.613,49 ;
14-07-2025;1600 - Btw verkoop, hoog tarief (21%);Kruiningenstraat 185, Rotterdam 2025-07+borg;50159 - EU Facility Services;; 105,00 
22-07-2025;1601 - Btw verkoop, laag tarief (9%);Vierambachtsstraat 32-BO1 Rotterdam 2025-7 + borg;100224 - Oostkracht Bemiddeling B.V.;; 136,11 
11-07-2025;1200 - Debiteuren;Dorpstraat 48 Lopik Borg + afrek;50441 - Oranjegroep Vastgoed B.V.;; 8.983,27 
11-07-2025;1600 - Btw verkoop, hoog tarief (21%);Dorpstraat 48 Lopik Borg + afrek;50441 - Oranjegroep Vastgoed B.V.; 0,63 ;
07-07-2025;1601 - Btw verkoop, laag tarief (9%);Enschotsestraat 163, Tilburg borg en afrek;100191 - Buurman Vastgoed E B.V.; 133,95 ;
14-07-2025;1600 - Btw verkoop, hoog tarief (21%);Kimbrenoord 49 Rotterdam 2025-07 + borg;100221 - LogIQ Barendrecht B.V.;; 105,00 
23-07-2025;1601 - Btw verkoop, laag tarief (9%);Bettingeslag 10 Emmen 2025-5 + borg;100200 - Shtan Vitaliy; 137,44 ;
22-07-2025;1200 - Debiteuren;Vierambachtsstraat 32-BO1 Rotterdam 2025-7 + borg;100224 - Oostkracht Bemiddeling B.V.; 4.192,94 ;
17-07-2025;1200 - Debiteuren;Groenelaan 30B Schiedam Borg + afrek;100177 - Flexbo B.V.; 1.088,86 ;
14-07-2025;1600 - Btw verkoop, hoog tarief (21%);Ruigenhoek 69, Rotterdam 2025-07 en borg;50159 - EU Facility Services;; 105,00 
23-07-2025;1200 - Debiteuren;Pastoor Gillis straat 81a  Rijen 2025-07 + borg;50311 - Labour Housing BV; 5.255,22 ;
22-07-2025;1600 - Btw verkoop, hoog tarief (21%);Vierambachtsstraat 32-BO1 Rotterdam 2025-7 + borg;100224 - Oostkracht Bemiddeling B.V.;; 94,50 
02-07-2025;1200 - Debiteuren;Sint Annalandstraat 116 Rotterdam Borg en afrek;100174 - Workforce Housing Holland B.V.;; 2.004,50 
23-07-2025;1601 - Btw verkoop, laag tarief (9%);Pastoor Gillis straat 81a  Rijen 2025-07 + borg;50311 - Labour Housing BV;; 72,49 
14-07-2025;1200 - Debiteuren;Kimbrenoord 49 Rotterdam 2025-07 + borg;100221 - LogIQ Barendrecht B.V.; 5.112,64 ;
07-07-2025;1200 - Debiteuren;Enschotsestraat 163, Tilburg borg en afrek;100191 - Buurman Vastgoed E B.V.;; 5.570,37 
22-07-2025;1600 - Btw verkoop, hoog tarief (21%);Akkerweg 41 [huis 36] Den Oever 2024-7 15-7 + borg;100197 - MNA Proud Facilities B.V.;; 105,00 
15-07-2025;1101 - Rabobank;VAN DE MIEROP JEF + ELS Borg Verbindingsstraat 20;50443 - Jef van Mierop; 1.206,40 ;
24-07-2025;1500 - Crediteuren;Vivir Wonen  2025542 Borg retour Arkelse Onderweg 24 A Gorin;29 - Vivir Wonen;; 3.550,00 
01-08-2025;1601 - Btw verkoop, laag tarief (9%);Scheepjesbrug 433 Meerkerk borg en afrek;50402 - Flextalent4u Uitzenden B.V.;; 234,35 
26-08-2025;1200 - Debiteuren;H. Algraplein 25 Franeker 2025-8 + borg credit;50282 - DIT en Larex Vakpersoneel B.V.;; 4.828,18 
13-08-2025;1200 - Debiteuren;Pastoor Gillis straat 81a  Rijen 2025-08 + borg;50311 - Labour Housing BV;; 6.984,98 
29-08-2025;1601 - Btw verkoop, laag tarief (9%);Akkerweg 41 [huisnummer 74] Den Oever 2025-08 + Borg credit;100195 - FISSH B.V.; 56,22 ;
25-08-2025;1200 - Debiteuren;Putter 42 Etten Leur 2025-9 + borg;100228 - I–Housing Vastgoed Beheer B.V.; 5.313,96 ;
26-08-2025;1601 - Btw verkoop, laag tarief (9%);H. Algraplein 25 Franeker 2025-8 + borg credit;50282 - DIT en Larex Vakpersoneel B.V.; 398,66 ;
05-08-2025;1200 - Debiteuren;Pastoor Gillis straat 81a  Rijen 2025-07 + borg;50311 - Labour Housing BV;; 5.255,22 
26-08-2025;1200 - Debiteuren;H. Algraplein 25 Franeker 2025-8 + borg;50282 - DIT en Larex Vakpersoneel B.V.; 4.656,43 ;
04-08-2025;1000 - Kas;Bettingeslag 10 Emmen 2025-5 + borg;100200 - Shtan Vitaliy; 4.180,01 ;
01-08-2025;1600 - Btw verkoop, hoog tarief (21%);Scheepjesbrug 433 Meerkerk borg en afrek;50402 - Flextalent4u Uitzenden B.V.;; 520,05 
05-08-2025;1600 - Btw verkoop, hoog tarief (21%);Pastoor Gillis straat 81a  Rijen 2025-07 + borg;50311 - Labour Housing BV; 152,25 ;
13-08-2025;1601 - Btw verkoop, laag tarief (9%);Pastoor Gillis straat 81a  Rijen 2025-08 + borg;50311 - Labour Housing BV; 181,08 ;
29-08-2025;1600 - Btw verkoop, hoog tarief (21%);Akkerweg 41 [huisnummer 74] Den Oever 2025-08 + Borg;100195 - FISSH B.V.;; 171,15 
13-08-2025;1200 - Debiteuren;Pastoor Gillis straat 81a  Rijen 2025-08 + borg;50311 - Labour Housing BV; 6.984,98 ;
15-08-2025;1200 - Debiteuren;Prunuslaan 36 Nieuwolda 2025-08 + borg;100174 - Workforce Housing Holland B.V.; 4.393,15 ;
22-08-2025;1600 - Btw verkoop, hoog tarief (21%);Kerkweg 9a [huis 349] Hensbroek 02-09 t/m 30-09 + borg;50188 - Werckpost Service B.V.;; 162,75 
04-08-2025;1200 - Debiteuren;Bettingeslag 10 Emmen 2025-5 + borg;100200 - Shtan Vitaliy;; 4.180,01 
13-08-2025;1200 - Debiteuren;H. Algraplein 25 Franeker 2025-8 + borg;50282 - DIT en Larex Vakpersoneel B.V.; 4.828,18 ;
13-08-2025;1601 - Btw verkoop, laag tarief (9%);Pastoor Gillis straat 81a  Rijen 2025-08 + borg;50347 - Housing en Transport Facilities B.V.; 181,08 ;
15-08-2025;1600 - Btw verkoop, hoog tarief (21%);Prunuslaan 36 Nieuwolda 2025-08 + borg;100174 - Workforce Housing Holland B.V.;; 134,40 
26-08-2025;1600 - Btw verkoop, hoog tarief (21%);H. Algraplein 25 Franeker 2025-8 + borg;50282 - DIT en Larex Vakpersoneel B.V.;; 105,00 
28-08-2025;1601 - Btw verkoop, laag tarief (9%);Beeklaan 294 Den Haag 2025-08 + borg;100233 -  Duijndam Personeelsdiensten B.V.;; 40,83 
13-08-2025;1200 - Debiteuren;Pastoor Gillis straat 81a  Rijen 2025-08 + borg;50347 - Housing en Transport Facilities B.V.;; 6.984,98 
13-08-2025;1601 - Btw verkoop, laag tarief (9%);H. Algraplein 25 Franeker 2025-8 + borg;50282 - DIT en Larex Vakpersoneel B.V.;; 398,66 
15-08-2025;1600 - Btw verkoop, hoog tarief (21%);Oranjestraat 63 Schiedam 2025-08 + borg;50170 - H.T.C. Facility Services B.V.;; 98,70 
13-08-2025;1600 - Btw verkoop, hoog tarief (21%);Pastoor Gillis straat 81a  Rijen 2025-08 + borg;50347 - Housing en Transport Facilities B.V.; 206,85 ;
26-08-2025;1200 - Debiteuren;H. Algraplein 25 Franeker 2025-8 + borg;50282 - DIT en Larex Vakpersoneel B.V.; 4.888,18 ;
15-08-2025;1601 - Btw verkoop, laag tarief (9%);Oranjestraat 63 Schiedam 2025-08 + borg;50170 - H.T.C. Facility Services B.V.;; 80,48 
22-08-2025;1601 - Btw verkoop, laag tarief (9%);Kerkweg 9a [huis 349] Hensbroek 02-09 t/m 30-09 + borg;50188 - Werckpost Service B.V.;; 281,02 
26-08-2025;1200 - Debiteuren;H. Algraplein 25 Franeker 2025-8 + borg credit;50282 - DIT en Larex Vakpersoneel B.V.;; 4.888,18 
01-08-2025;1200 - Debiteuren;Scheepjesbrug 433 Meerkerk borg en afrek;50402 - Flextalent4u Uitzenden B.V.; 2.234,64 ;
25-08-2025;1601 - Btw verkoop, laag tarief (9%);Putter 42 Etten Leur 2025-9 + borg;100228 - I–Housing Vastgoed Beheer B.V.;; 180,79 
13-08-2025;1600 - Btw verkoop, hoog tarief (21%);Pastoor Gillis straat 81a  Rijen 2025-08 + borg;50311 - Labour Housing BV;; 206,85 
29-08-2025;1200 - Debiteuren;Akkerweg 41 [huisnummer 74] Den Oever 2025-08 + Borg credit;100195 - FISSH B.V.;; 3.830,28 
28-08-2025;1600 - Btw verkoop, hoog tarief (21%);Beeklaan 294 Den Haag 2025-08 + borg;100233 -  Duijndam Personeelsdiensten B.V.;; 173,25 
26-08-2025;1601 - Btw verkoop, laag tarief (9%);H. Algraplein 25 Franeker 2025-8 + borg;50282 - DIT en Larex Vakpersoneel B.V.;; 121,91 
13-08-2025;1600 - Btw verkoop, hoog tarief (21%);Pastoor Gillis straat 81a  Rijen 2025-08 + borg;50311 - Labour Housing BV; 206,85 ;
26-08-2025;1601 - Btw verkoop, laag tarief (9%);H. Algraplein 25 Franeker 2025-8 + borg;50282 - DIT en Larex Vakpersoneel B.V.;; 353,66 
15-08-2025;1601 - Btw verkoop, laag tarief (9%);Prunuslaan 36 Nieuwolda 2025-08 + borg;100174 - Workforce Housing Holland B.V.;; 108,89 
04-08-2025;1200 - Debiteuren;Bettingeslag 10 Emmen 2025-5 + borg;100200 - Shtan Vitaliy; 4.180,01 ;
26-08-2025;1600 - Btw verkoop, hoog tarief (21%);H. Algraplein 25 Franeker 2025-8 + borg credit;50282 - DIT en Larex Vakpersoneel B.V.; 105,00 ;
05-08-2025;1601 - Btw verkoop, laag tarief (9%);Pastoor Gillis straat 81a  Rijen 2025-07 + borg;50311 - Labour Housing BV; 72,49 ;
13-08-2025;1601 - Btw verkoop, laag tarief (9%);Pastoor Gillis straat 81a  Rijen 2025-08 + borg;50311 - Labour Housing BV;; 181,08 
26-08-2025;1600 - Btw verkoop, hoog tarief (21%);H. Algraplein 25 Franeker 2025-8 + borg;50282 - DIT en Larex Vakpersoneel B.V.;; 105,00 
29-08-2025;1200 - Debiteuren;Akkerweg 41 [huisnummer 74] Den Oever 2025-08 + Borg;100195 - FISSH B.V.; 5.157,58 ;
05-08-2025;1500 - Crediteuren;Zwethkade Zuid 30A, 2025-08 + Borg;100226 - Fransen Vastgoed / Holland Huisvesting B.V.;; 4.395,07 
29-08-2025;1601 - Btw verkoop, laag tarief (9%);Akkerweg 41 [huisnummer 74] Den Oever 2025-08 + Borg;100195 - FISSH B.V.;; 76,74 
29-08-2025;1600 - Btw verkoop, hoog tarief (21%);Akkerweg 41 [huisnummer 74] Den Oever 2025-08 + Borg credit;100195 - FISSH B.V.; 134,40 ;
25-08-2025;1600 - Btw verkoop, hoog tarief (21%);Putter 42 Etten Leur 2025-9 + borg;100228 - I–Housing Vastgoed Beheer B.V.;; 134,40 
22-08-2025;1200 - Debiteuren;Kerkweg 9a [huis 349] Hensbroek 02-09 t/m 30-09 + borg;50188 - Werckpost Service B.V.; 7.616,24 ;
04-08-2025;1000 - Kas;Bettingeslag 10 Emmen 2025-5 + borg;100200 - Shtan Vitaliy;; 4.180,01 
28-08-2025;1200 - Debiteuren;Beeklaan 294 Den Haag 2025-08 + borg;100233 -  Duijndam Personeelsdiensten B.V.; 6.092,78 ;
26-08-2025;1601 - Btw verkoop, laag tarief (9%);H. Algraplein 25 Franeker 2025-8 + borg credit;50282 - DIT en Larex Vakpersoneel B.V.; 353,66 ;
15-08-2025;1200 - Debiteuren;Oranjestraat 63 Schiedam 2025-08 + borg;50170 - H.T.C. Facility Services B.V.; 3.143,43 ;
18-09-2025;1200 - Debiteuren;Kimbrenoord 15 Rotterdam afrekening + borg;100173 - MK Contracting BV;; 1.666,30 
09-09-2025;1200 - Debiteuren;Akkerweg 41 [huis 14] Den Oever 2025-09 + borg;100191 - Buurman Vastgoed E B.V.; 3.482,17 ;
05-09-2025;1500 - Crediteuren;Aperta Estate Management restitutie waarborgsom;100193 - Aperta Estate Management; 4.000,00 ;
26-09-2025;1601 - Btw verkoop, laag tarief (9%);Kerkweg 9a [huis 269] Hensbroek 2025-09 + borg;50445 - UAB Toromega;; 20,19 
15-09-2025;1200 - Debiteuren;Dieptol 63 Steenwijk  2025-10 + borg;100239 - Kapitein & Personeel B.V; 7.834,75 ;
15-09-2025;1601 - Btw verkoop, laag tarief (9%);Van Maanenstraat 14a 2025-09 + borg;50448 - Focuzop-eu;; 78,12 
16-09-2025;1601 - Btw verkoop, laag tarief (9%);Beatrixstraat 3, 2025-10 + Borg;50295 - Impes Service S.p.A.;; 221,04 
26-09-2025;1200 - Debiteuren;Kerkweg 9a [huis 269] Hensbroek 2025-09 + borg;50445 - UAB Toromega; 3.293,97 ;
15-09-2025;1600 - Btw verkoop, hoog tarief (21%);Van Maanenstraat 14a 2025-09 + borg;50448 - Focuzop-eu;; 92,40 
15-09-2025;1600 - Btw verkoop, hoog tarief (21%);Dieptol 63 Steenwijk  2025-10 + borg;100239 - Kapitein & Personeel B.V;; 162,75 
15-09-2025;1600 - Btw verkoop, hoog tarief (21%);Beatrixstraat 3, 2025-09 + Borg;50295 - Impes Service S.p.A.;; 74,55 
15-09-2025;1601 - Btw verkoop, laag tarief (9%);Beatrixstraat 3, 2025-09 + Borg;50295 - Impes Service S.p.A.;; 221,04 
09-09-2025;1600 - Btw verkoop, hoog tarief (21%);Akkerweg 41 [huis 42] Den Oever 2025-09 + borg;100191 - Buurman Vastgoed E B.V.;; 224,70 
15-09-2025;1200 - Debiteuren;Akkerweg 41 [huis 58] Den Oever borg;100191 - Buurman Vastgoed E B.V.; 1.000,00 ;
08-09-2025;1000 - Kas;H. Algraplein 25 Franeker 2025-8 + borg;50282 - DIT en Larex Vakpersoneel B.V.; 4.888,18 ;
09-09-2025;1601 - Btw verkoop, laag tarief (9%);Akkerweg 41 [huis 58] Den Oever 2025-09 + borg;100191 - Buurman Vastgoed E B.V.;; 93,21 
04-09-2025;1600 - Btw verkoop, hoog tarief (21%);Tholenstraat 114 Rotterdam afrek en borg;100109 - Europe-jobs B.V.;; 98,68 
18-09-2025;1600 - Btw verkoop, hoog tarief (21%);Fabristraat 34ABSchiedam afrekening + borg;50426 - GSI B.V.;; 551,63 
15-09-2025;1200 - Debiteuren;Voorstraat 25 Vlaardingen Borg correctie;100174 - Workforce Housing Holland B.V.; 2.150,00 ;
18-09-2025;1601 - Btw verkoop, laag tarief (9%);Fabristraat 34A Schiedam afrekening + borg;50426 - GSI B.V.;; 16,32 
29-09-2025;1200 - Debiteuren;Kerkweg 9a [huis 137]  Hensbroek 2025-9 + borg;50445 - UAB Toromega; 3.022,94 ;
18-09-2025;1601 - Btw verkoop, laag tarief (9%);Fabristraat 34ABSchiedam afrekening + borg;50426 - GSI B.V.;; 16,65 
08-09-2025;1000 - Kas;Johan Willem Frisostraat 36 Sneek 2025-5 + borg;33 - Team Home Rentals B.V.; 211,75 ;
26-09-2025;1600 - Btw verkoop, hoog tarief (21%);Kerkweg 9a [huis 269] Hensbroek 2025-09 + borg;50445 - UAB Toromega;; 134,40 
09-09-2025;1601 - Btw verkoop, laag tarief (9%);Akkerweg 41 [huis 14] Den Oever 2025-09 + borg;100191 - Buurman Vastgoed E B.V.;; 185,61 
09-09-2025;1200 - Debiteuren;Akkerweg 41 [huis 58] Den Oever 2025-09 + borg;100191 - Buurman Vastgoed E B.V.; 1.800,38 ;
09-09-2025;1600 - Btw verkoop, hoog tarief (21%);Akkerweg 41 [huis 58] Den Oever 2025-09 + borg;100191 - Buurman Vastgoed E B.V.;; 116,55 
15-09-2025;1200 - Debiteuren;Akkerweg 41 [huis 42] Den Oever borg;100191 - Buurman Vastgoed E B.V.; 2.300,00 ;
29-09-2025;1601 - Btw verkoop, laag tarief (9%);Kerkweg 9a [huis 137]  Hensbroek 2025-9 + borg;50445 - UAB Toromega;; 16,42 
15-09-2025;1601 - Btw verkoop, laag tarief (9%);Dieptol 63 Steenwijk  2025-10 + borg;100239 - Kapitein & Personeel B.V;; 297,00 
29-09-2025;1600 - Btw verkoop, hoog tarief (21%);Kerkweg 9a [huis 137]  Hensbroek 2025-9 + borg;50445 - UAB Toromega;; 169,05 
09-09-2025;1600 - Btw verkoop, hoog tarief (21%);Akkerweg 41 [huis 14] Den Oever 2025-09 + borg;100191 - Buurman Vastgoed E B.V.;; 214,20 
08-09-2025;1200 - Debiteuren;H. Algraplein 25 Franeker 2025-8 + borg;50282 - DIT en Larex Vakpersoneel B.V.;; 4.888,18 
16-09-2025;1200 - Debiteuren;Beatrixstraat 3, 2025-10 + Borg;50295 - Impes Service S.p.A.; 6.156,62 ;
15-09-2025;1200 - Debiteuren;Beatrixstraat 3, 2025-09 + Borg;50295 - Impes Service S.p.A.; 6.156,62 ;
15-09-2025;1200 - Debiteuren;Akkerweg 41 [huis 14] Den Oever borg;100191 - Buurman Vastgoed E B.V.; 1.700,00 ;
18-09-2025;1600 - Btw verkoop, hoog tarief (21%);Kimbrenoord 15 Rotterdam afrekening + borg;100173 - MK Contracting BV;; 63,84 
18-09-2025;1200 - Debiteuren;Fabristraat 34A Schiedam afrekening + borg;50426 - GSI B.V.; 1.455,56 ;
09-09-2025;1200 - Debiteuren;Akkerweg 41 [huis 42] Den Oever 2025-09 + borg;100191 - Buurman Vastgoed E B.V.; 4.294,14 ;
15-09-2025;1200 - Debiteuren;Voorstraat 25 Vlaardingen Borg correctie;100237 - Workforce Housing International B.V;; 2.150,00 
04-09-2025;1601 - Btw verkoop, laag tarief (9%);Tholenstraat 114 Rotterdam afrek en borg;100109 - Europe-jobs B.V.;; 18,01 
09-09-2025;1200 - Debiteuren;Akkerweg 41 [huis 20] Den Oever 2025-09 + borg;100191 - Buurman Vastgoed E B.V.; 3.625,45 ;
09-09-2025;1601 - Btw verkoop, laag tarief (9%);Akkerweg 41 [huis 42] Den Oever 2025-09 + borg;100191 - Buurman Vastgoed E B.V.;; 247,66 
30-09-2025;1200 - Debiteuren;Goudestein 30 Rotterdam afrek + borg;100094 - I.T.S. SR.L. (INDUSTRIAL TECHNICAL SERVICES), BRAN;; 701,33 
04-09-2025;1200 - Debiteuren;Tholenstraat 114 Rotterdam afrek en borg;100109 - Europe-jobs B.V.;; 798,34 
30-09-2025;1601 - Btw verkoop, laag tarief (9%);Goudestein 30 Rotterdam afrek + borg;100094 - I.T.S. SR.L. (INDUSTRIAL TECHNICAL SERVICES), BRAN;; 22,81 
18-09-2025;1200 - Debiteuren;Fabristraat 34ABSchiedam afrekening + borg;50426 - GSI B.V.; 1.580,12 ;
08-09-2025;1200 - Debiteuren;Johan Willem Frisostraat 36 Sneek 2025-5 + borg;33 - Team Home Rentals B.V.;; 211,75 
09-09-2025;1601 - Btw verkoop, laag tarief (9%);Akkerweg 41 [huis 20] Den Oever 2025-09 + borg;100191 - Buurman Vastgoed E B.V.;; 192,45 
16-09-2025;1600 - Btw verkoop, hoog tarief (21%);Beatrixstraat 3, 2025-10 + Borg;50295 - Impes Service S.p.A.;; 74,55 
18-09-2025;1600 - Btw verkoop, hoog tarief (21%);Fabristraat 34A Schiedam afrekening + borg;50426 - GSI B.V.;; 530,71 
15-09-2025;1200 - Debiteuren;Van Maanenstraat 14a 2025-09 + borg;50448 - Focuzop-eu; 3.128,47 ;
30-09-2025;1600 - Btw verkoop, hoog tarief (21%);Goudestein 30 Rotterdam afrek + borg;100094 - I.T.S. SR.L. (INDUSTRIAL TECHNICAL SERVICES), BRAN;; 285,93 
18-09-2025;1601 - Btw verkoop, laag tarief (9%);Kimbrenoord 15 Rotterdam afrekening + borg;100173 - MK Contracting BV;; 21,95 
09-09-2025;1600 - Btw verkoop, hoog tarief (21%);Akkerweg 41 [huis 20] Den Oever 2025-09 + borg;100191 - Buurman Vastgoed E B.V.;; 224,70 
02-10-2025;1200 - Debiteuren;Jasmijnring 37 Zundert 2025-10 + borg;50170 - H.T.C. Facility Services B.V.; 7.797,26 ;
09-10-2025;1200 - Debiteuren;Lavendelpad 6 's-Gravendeel 2025-10 + borg;50154 - OJP B.V.; 9.034,21 ;
22-10-2025;1600 - Btw verkoop, hoog tarief (21%);Miltonstraat 55  Rotterdam 2025-11 + borg;100089 - Uitzendbureau Bakker B.V.;; 84,00 
07-10-2025;1601 - Btw verkoop, laag tarief (9%);Plaats 10 Montfoort 2025-10 + borg;100137 - Estra Logistics Systems B.V.;; 151,79 
06-10-2025;1200 - Debiteuren;Dieptol 63 Steenwijk  2025-10 + borg;100239 - Kapitein & Personeel B.V;; 7.834,75 
22-10-2025;1601 - Btw verkoop, laag tarief (9%);Miltonstraat 55  Rotterdam 2025-11 + borg;100089 - Uitzendbureau Bakker B.V.;; 130,50 
14-10-2025;1601 - Btw verkoop, laag tarief (9%);Westercluft 134 Steenwijk 2025-10 + borg;50408 - People21 Services BV;; 216,44 
06-10-2025;1200 - Debiteuren;Dieptol 63 Steenwijk  2025-10 + borg credit;100239 - Kapitein & Personeel B.V;; 7.834,75 
17-10-2025;1600 - Btw verkoop, hoog tarief (21%);Putter 42 Etten Leur, afrekening + borg;50286 - Employ Facilitair B.V.;; 154,35 
02-10-2025;1165 - Borg;Borg;50170 - H.T.C. Facility Services B.V.;; 3.250,00 
15-10-2025;1200 - Debiteuren;Sint Annalandstraat 116 Rotterdam borg correctie;100174 - Workforce Housing Holland B.V.; 1.900,00 ;
06-10-2025;1601 - Btw verkoop, laag tarief (9%);Pastoor Gillis straat 81a  Rijen 2025-08 + borg;50347 - Housing en Transport Facilities B.V.;; 181,08 
15-10-2025;1200 - Debiteuren;Sint Annalandstraat 116 Rotterdam borg correctie;100237 - Workforce Housing International B.V;; 1.900,00 
06-10-2025;1000 - Kas;Dieptol 63 Steenwijk  2025-10 + borg credit;100239 - Kapitein & Personeel B.V;; 7.834,75 
17-10-2025;1200 - Debiteuren;Besterdring 6 Tilburg afrekening + borg;100151 - 4 Homes B.V.;; 2.930,45 
07-10-2025;1200 - Debiteuren;Plaats 10 Montfoort 2025-10 + borg;100137 - Estra Logistics Systems B.V.; 5.462,77 ;
17-10-2025;1200 - Debiteuren;Putter 42 Etten Leur, afrekening + borg;50286 - Employ Facilitair B.V.;; 1.460,65 
17-10-2025;1600 - Btw verkoop, hoog tarief (21%);Kerkweg 9a [huis 357] Hensbroek afrekening + borg;50314 - NL Realty B.V.; 49,23 ;
09-10-2025;1600 - Btw verkoop, hoog tarief (21%);Lavendelpad 6 's-Gravendeel 2025-10 + borg;50154 - OJP B.V.;; 78,75 
09-10-2025;1601 - Btw verkoop, laag tarief (9%);Lavendelpad 6 's-Gravendeel 2025-10 + borg;50154 - OJP B.V.;; 708,48 
17-10-2025;1600 - Btw verkoop, hoog tarief (21%);Beeklaan 294 Den Haag afrekening + borg;50347 - Housing en Transport Facilities B.V.;; 700,23 
06-10-2025;1200 - Debiteuren;Dieptol 63 Steenwijk  2025-10 + borg;100244 - Kapitan Workers Sp. Z.o.o.; 7.834,75 ;
17-10-2025;1600 - Btw verkoop, hoog tarief (21%);Kerkweg 9a [huis 348] Hensbroek afrekening + borg;100101 - JJM Personeel B.V.; 33,05 ;
22-10-2025;1200 - Debiteuren;Miltonstraat 55  Rotterdam 2025-11 + borg;100089 - Uitzendbureau Bakker B.V.; 3.514,50 ;
07-10-2025;1200 - Debiteuren;Groenelaan 30B Schiedam Borg + afrek gedeeltelijke credit;100177 - Flexbo B.V.;; 3.085,58 
22-10-2025;1600 - Btw verkoop, hoog tarief (21%);Kruiningenstraat 152 Rotterdam 2025-11 + borg;100155 - Light Personeelsdiensten BV;; 105,00 
06-10-2025;1601 - Btw verkoop, laag tarief (9%);Pastoor Gillis straat 81a  Rijen 2025-08 + borg debet;50347 - Housing en Transport Facilities B.V.;; 181,08 
06-10-2025;1200 - Debiteuren;Pastoor Gillis straat 81a  Rijen 2025-08 + borg;50347 - Housing en Transport Facilities B.V.; 6.984,98 ;
14-10-2025;1200 - Debiteuren;Westercluft 134 Steenwijk 2025-10 + borg;50408 - People21 Services BV; 7.077,72 ;
22-10-2025;1601 - Btw verkoop, laag tarief (9%);Kruiningenstraat 152 Rotterdam 2025-11 + borg;100155 - Light Personeelsdiensten BV;; 216,00 
14-10-2025;1600 - Btw verkoop, hoog tarief (21%);Westercluft 134 Steenwijk 2025-10 + borg;50408 - People21 Services BV;; 196,35 
07-10-2025;1601 - Btw verkoop, laag tarief (9%);Dieptol 63 Steenwijk  2025-10 + borg;100247 - Kajuit;; 273,40 
07-10-2025;1600 - Btw verkoop, hoog tarief (21%);Kerkweg 9a [huis 348] Hensbroek 2025-10 + borg;100151 - 4 Homes B.V.;; 128,10 
07-10-2025;1200 - Debiteuren;Dieptol 63 Steenwijk  2025-10 + borg;100247 - Kajuit; 7.548,96 ;
17-10-2025;1200 - Debiteuren;Kerkweg 9a [huis 342] Hensbroek afrekening + borg;50314 - NL Realty B.V.;; 3.385,60 
06-10-2025;1200 - Debiteuren;Dieptol 63 Steenwijk  2025-10 + borg credit;100239 - Kapitein & Personeel B.V; 7.834,75 ;
22-10-2025;1601 - Btw verkoop, laag tarief (9%);Middelrode 8  Rotterdam 2025-11  + borg;100089 - Uitzendbureau Bakker B.V.;; 159,78 
06-10-2025;1601 - Btw verkoop, laag tarief (9%);Dieptol 63 Steenwijk  2025-10 + borg credit;100239 - Kapitein & Personeel B.V; 297,00 ;
07-10-2025;1601 - Btw verkoop, laag tarief (9%);Dieptol 63 Steenwijk  2025-10 + borg credit;100244 - Kapitan Workers Sp. Z.o.o.; 297,00 ;
06-10-2025;1600 - Btw verkoop, hoog tarief (21%);Dieptol 63 Steenwijk  2025-10 + borg credit;100239 - Kapitein & Personeel B.V; 162,75 ;
28-10-2025;1500 - Crediteuren;Orange borg Verschansin;50398 - Orange Investments Group B.V.;; 162,41 
06-10-2025;1600 - Btw verkoop, hoog tarief (21%);Pastoor Gillis straat 81a  Rijen 2025-08 + borg;50347 - Housing en Transport Facilities B.V.;; 206,85 
17-10-2025;1600 - Btw verkoop, hoog tarief (21%);Besterdring 6 Tilburg afrekening + borg;100151 - 4 Homes B.V.;; 90,17 
17-10-2025;1600 - Btw verkoop, hoog tarief (21%);Kerkweg 9a [huis 349] Hensbroek afrekening + borg;50314 - NL Realty B.V.; 30,14 ;
22-10-2025;1200 - Debiteuren;Middelrode 8  Rotterdam 2025-11  + borg;100089 - Uitzendbureau Bakker B.V.; 4.790,12 ;
14-10-2025;1200 - Debiteuren;Wilhelminastraat 8 Stavenisse borg retour;100139 - Horus Team Sp. Z.o.o.;; 2.500,00 
07-10-2025;1601 - Btw verkoop, laag tarief (9%);Kerkweg 9a [huis 348] Hensbroek 2025-10 + borg;100151 - 4 Homes B.V.;; 282,30 
28-10-2025;1500 - Crediteuren;Orange borg;50398 - Orange Investments Group B.V.;; 1.100,00 
17-10-2025;1200 - Debiteuren;Kerkweg 9a [huis 349] Hensbroek afrekening + borg;50314 - NL Realty B.V.;; 3.373,65 
06-10-2025;1200 - Debiteuren;Pastoor Gillis straat 81a  Rijen 2025-08 + borg debet;50347 - Housing en Transport Facilities B.V.; 6.984,98 ;
09-10-2025;1165 - Borg;Borg;50154 - OJP B.V.;; 4.568,00 
17-10-2025;1200 - Debiteuren;Kerkweg 9a [huis 357] Hensbroek afrekening + borg;50314 - NL Realty B.V.;; 3.483,65 
02-10-2025;1601 - Btw verkoop, laag tarief (9%);Jasmijnring 37 Zundert 2025-10 + borg;50170 - H.T.C. Facility Services B.V.;; 571,38 
06-10-2025;1600 - Btw verkoop, hoog tarief (21%);Dieptol 63 Steenwijk  2025-10 + borg;100244 - Kapitan Workers Sp. Z.o.o.;; 162,75 
07-10-2025;1600 - Btw verkoop, hoog tarief (21%);Groenelaan 30B Schiedam Borg + afrek gedeeltelijke credit;100177 - Flexbo B.V.; 62,58 ;
22-10-2025;1200 - Debiteuren;Kruiningenstraat 152 Rotterdam 2025-11 + borg;100155 - Light Personeelsdiensten BV; 5.621,00 ;
06-10-2025;1601 - Btw verkoop, laag tarief (9%);Dieptol 63 Steenwijk  2025-10 + borg;100244 - Kapitan Workers Sp. Z.o.o.;; 297,00 
06-10-2025;1000 - Kas;Dieptol 63 Steenwijk  2025-10 + borg;100239 - Kapitein & Personeel B.V; 7.834,75 ;
22-10-2025;1600 - Btw verkoop, hoog tarief (21%);Middelrode 8  Rotterdam 2025-11  + borg;100089 - Uitzendbureau Bakker B.V.;; 105,00 
17-10-2025;1200 - Debiteuren;Akkerweg 41 [huis 42] Den Oever afrekening + borg;100138 - Fareon Z Nederland;; 3.795,72 
28-10-2025;1500 - Crediteuren;Orange borg Verschansin;50398 - Orange Investments Group B.V.;; 2.470,00 
17-10-2025;1600 - Btw verkoop, hoog tarief (21%);Akkerweg 41 [huis 42] Den Oever afrekening + borg;100138 - Fareon Z Nederland;; 139,59 
07-10-2025;1600 - Btw verkoop, hoog tarief (21%);Plaats 10 Montfoort 2025-10 + borg;100137 - Estra Logistics Systems B.V.;; 134,40 
07-10-2025;1601 - Btw verkoop, laag tarief (9%);Groenelaan 30B Schiedam Borg + afrek gedeeltelijke credit;100177 - Flexbo B.V.; 225,00 ;
07-10-2025;1600 - Btw verkoop, hoog tarief (21%);Dieptol 63 Steenwijk  2025-10 + borg;100247 - Kajuit;; 162,75 
02-10-2025;1600 - Btw verkoop, hoog tarief (21%);Jasmijnring 37 Zundert 2025-10 + borg;50170 - H.T.C. Facility Services B.V.;; 152,25 
07-10-2025;1200 - Debiteuren;Dieptol 63 Steenwijk  2025-10 + borg credit;100244 - Kapitan Workers Sp. Z.o.o.;; 7.834,75 
17-10-2025;1601 - Btw verkoop, laag tarief (9%);Beeklaan 294 Den Haag afrekening + borg;50347 - Housing en Transport Facilities B.V.;; 104,97 
07-10-2025;1600 - Btw verkoop, hoog tarief (21%);Dieptol 63 Steenwijk  2025-10 + borg credit;100244 - Kapitan Workers Sp. Z.o.o.; 162,75 ;
17-10-2025;1600 - Btw verkoop, hoog tarief (21%);Kerkweg 9a [huis 342] Hensbroek afrekening + borg;50314 - NL Realty B.V.; 32,21 ;
06-10-2025;1600 - Btw verkoop, hoog tarief (21%);Pastoor Gillis straat 81a  Rijen 2025-08 + borg debet;50347 - Housing en Transport Facilities B.V.;; 206,85 
07-10-2025;1200 - Debiteuren;Kerkweg 9a [huis 348] Hensbroek 2025-10 + borg;100151 - 4 Homes B.V.; 7.657,04 ;
17-10-2025;1200 - Debiteuren;Kerkweg 9a [huis 348] Hensbroek afrekening + borg;100101 - JJM Personeel B.V.;; 3.465,45 
17-10-2025;1200 - Debiteuren;Beeklaan 294 Den Haag afrekening + borg;50347 - Housing en Transport Facilities B.V.; 972,92 ;
07-11-2025;1200 - Debiteuren;Zuidhoek 209D afrekening (Schade) + borg correctie;50394 - Gap Costruzioni Dutch Branch; 1.545,15 ;
06-11-2025;1000 - Kas;Dieptol 63 Steenwijk  2025-10 + borg;100244 - Kapitan Workers Sp. Z.o.o.; 7.834,75 ;
11-11-2025;1200 - Debiteuren;Akkerweg 41 [huis 014] Den Oever afrekening + borg;50314 - NL Realty B.V.;; 3.207,66 
11-11-2025;1601 - Btw verkoop, laag tarief (9%);Akkerweg 41 [huis 014] Den Oever afrekening + borg;50314 - NL Realty B.V.;; 21,58 
21-11-2025;1200 - Debiteuren;Bornerbroeksestraat 129A Almelo 2025-11 + borg;50444 - Team Unica B.V.; 3.966,53 ;
04-11-2025;1200 - Debiteuren;Kerkweg 9a [huis 357] Hensbroek 2025-10 + borg;50218 - Eastmen Human Resources B.V.; 3.886,56 ;
05-11-2025;1200 - Debiteuren;Westercluft 134 Steenwijk afrekening (schade) + borg;50152 - Interwel Oost B.V.;; 1.862,69 
05-11-2025;1600 - Btw verkoop, hoog tarief (21%);Kritostraat 54 Rotterdam 2025-11 + borg;100089 - Uitzendbureau Bakker B.V.;; 94,50 
03-11-2025;1000 - Kas;Groenelaan 30B Schiedam Borg + afrek;100177 - Flexbo B.V.; 1.088,86 ;
05-11-2025;1601 - Btw verkoop, laag tarief (9%);Bornerbroeksestraat 129A Almelo afrekening + borg;100105 - VALO Facilities B.V.;; 25,22 
18-11-2025;1200 - Debiteuren;Jasmijnring 37 Zundert afrekening + borg;50429 - EG Facility & Services BV;; 2.322,29 
21-11-2025;1600 - Btw verkoop, hoog tarief (21%);Schoonegge 84 Rotterdam 2025-12 + borg;50311 - Labour Housing BV;; 78,75 
05-11-2025;1601 - Btw verkoop, laag tarief (9%);kierkegaardhof 54 Huizen 2025-11 + borg;100137 - Estra Logistics Systems B.V.;; 120,72 
12-11-2025;1601 - Btw verkoop, laag tarief (9%);Piersonstraat 8 Schiedam 2025-12 + borg;50295 - Impes Service S.p.A.;; 71,16 
07-11-2025;1200 - Debiteuren;Zuidhoek 209D borg retour;100262 - GAP Costruzioni S.r.l.;; 2.950,00 
12-11-2025;1600 - Btw verkoop, hoog tarief (21%);Piersonstraat 8 Schiedam 2025-12 + borg;50295 - Impes Service S.p.A.;; 116,55 
14-11-2025;1600 - Btw verkoop, hoog tarief (21%);Akkerweg 41 [huis 38] Den Oever afrekening + borg;100195 - FISSH B.V.; 9,23 ;
05-11-2025;1200 - Debiteuren;Dieptol 63 Steenwijk afrekening (schade) + borg;50152 - Interwel Oost B.V.;; 2.734,01 
05-11-2025;1600 - Btw verkoop, hoog tarief (21%);kierkegaardhof 54 Huizen 2025-11 + borg;100137 - Estra Logistics Systems B.V.;; 116,55 
14-11-2025;1600 - Btw verkoop, hoog tarief (21%);Moureauveld 8 Roosendal 2025-12 + borg;100228 - I–Housing Vastgoed Beheer B.V.;; 134,40 
05-11-2025;1200 - Debiteuren;kierkegaardhof 54 Huizen 2025-11 + borg;100137 - Estra Logistics Systems B.V.; 4.533,64 ;
12-11-2025;1601 - Btw verkoop, laag tarief (9%);Zuidhoek 209D 2025-10 +borg credit;100089 - Uitzendbureau Bakker B.V.; 56,81 ;
06-11-2025;1200 - Debiteuren;Dieptol 63 Steenwijk  2025-10 + borg credit;100244 - Kapitan Workers Sp. Z.o.o.; 7.834,75 ;
14-11-2025;1200 - Debiteuren;Voeghoutenstraat 236 Klazienaveen borg retour;29 - Vivir Wonen;; 2.050,00 
19-11-2025;1600 - Btw verkoop, hoog tarief (21%);Kuipers-Rietbergpad 15 Hoogvliet afrekening + borg;50154 - OJP B.V.;; 90,99 
21-11-2025;1601 - Btw verkoop, laag tarief (9%);Zuidhoek 209D 2025-12 + borg;50311 - Labour Housing BV;; 191,74 
07-11-2025;1601 - Btw verkoop, laag tarief (9%);Ofwegen 1A Woubrugge afrekening + borg;50398 - Orange Investments Group B.V.;; 54,31 
04-11-2025;1600 - Btw verkoop, hoog tarief (21%);Rooseveltlaan 185 Bergen op zoom 2025-11 + borg;100259 - N2people B.V.;; 178,50 
07-11-2025;1600 - Btw verkoop, hoog tarief (21%);Zuidhoek 209D afrekening (Schade) + borg correctie;50394 - Gap Costruzioni Dutch Branch; 243,82 ;
11-11-2025;1601 - Btw verkoop, laag tarief (9%);Akkerweg 41 [huis 42] Den Oever afrekening + borg;50314 - NL Realty B.V.;; 24,08 
05-11-2025;1200 - Debiteuren;Verschansing 21 Rozenburg 2025-10 + borg;100153 - RNDV Industries; 5.369,25 ;
18-11-2025;1165 - Borg;Borg;50429 - EG Facility & Services BV; 2.800,00 ;
03-11-2025;1200 - Debiteuren;Groenelaan 30B Schiedam Borg + afrek gedeeltelijke credit;100177 - Flexbo B.V.; 1.088,86 ;
04-11-2025;1200 - Debiteuren;Rooseveltlaan 185 Bergen op zoom 2025-11 + borg;100259 - N2people B.V.; 7.538,69 ;
06-11-2025;1000 - Kas;Dieptol 63 Steenwijk  2025-10 + borg credit;100244 - Kapitan Workers Sp. Z.o.o.;; 7.834,75 
11-11-2025;1200 - Debiteuren;Akkerweg 41 [huis 42] Den Oever afrekening + borg;50314 - NL Realty B.V.;; 4.196,38 
04-11-2025;1601 - Btw verkoop, laag tarief (9%);Kerkweg 9a [huis 357] Hensbroek 2025-10 + borg;50218 - Eastmen Human Resources B.V.;; 17,75 
21-11-2025;1200 - Debiteuren;Schoonegge 84 Rotterdam 2025-12 + borg;50311 - Labour Housing BV; 7.281,19 ;
14-11-2025;1200 - Debiteuren;Akkerweg 41 [huis 38] Den Oever afrekening + borg;100195 - FISSH B.V.;; 2.653,17 
12-11-2025;1200 - Debiteuren;Zuidhoek 209D 2025-10 +borg credit;100089 - Uitzendbureau Bakker B.V.;; 3.693,04 
04-11-2025;1601 - Btw verkoop, laag tarief (9%);Rooseveltlaan 185 Bergen op zoom 2025-11 + borg;100259 - N2people B.V.;; 248,55 
07-11-2025;1600 - Btw verkoop, hoog tarief (21%);Zuidhoek 209D afrekening (Schade) + borg;50394 - Gap Costruzioni Dutch Branch;; 243,82 
05-11-2025;1600 - Btw verkoop, hoog tarief (21%);Bornerbroeksestraat 129A Almelo afrekening + borg;100105 - VALO Facilities B.V.;; 564,57 
21-11-2025;1601 - Btw verkoop, laag tarief (9%);Schoonegge 84 Rotterdam 2025-12 + borg;50311 - Labour Housing BV;; 277,22 
18-11-2025;1600 - Btw verkoop, hoog tarief (21%);Jasmijnring 37 Zundert afrekening + borg;50429 - EG Facility & Services BV;; 82,91 
21-11-2025;1200 - Debiteuren;Zuidhoek 209D 2025-12 + borg;50311 - Labour Housing BV; 5.327,15 ;
21-11-2025;1600 - Btw verkoop, hoog tarief (21%);Zuidhoek 209D 2025-12 + borg;50311 - Labour Housing BV;; 105,00 
21-11-2025;1600 - Btw verkoop, hoog tarief (21%);Van Maanenstraat 14A Rotterdam 2025-12 + borg;50311 - Labour Housing BV;; 94,50 
05-11-2025;1200 - Debiteuren;Kritostraat 54 Rotterdam 2025-11 + borg;100089 - Uitzendbureau Bakker B.V.; 4.325,94 ;
12-11-2025;1200 - Debiteuren;Piersonstraat 8 Schiedam 2025-12 + borg;50295 - Impes Service S.p.A.; 1.533,39 ;
05-11-2025;1600 - Btw verkoop, hoog tarief (21%);Dieptol 63 Steenwijk afrekening (schade) + borg;50152 - Interwel Oost B.V.;; 66,99 
11-11-2025;1600 - Btw verkoop, hoog tarief (21%);Akkerweg 41 [huis 014] Den Oever afrekening + borg;50314 - NL Realty B.V.; 46,69 ;
21-11-2025;1601 - Btw verkoop, laag tarief (9%);Van Maanenstraat 14A Rotterdam 2025-12 + borg;50311 - Labour Housing BV;; 106,52 
05-11-2025;1601 - Btw verkoop, laag tarief (9%);Kritostraat 54 Rotterdam 2025-11 + borg;100089 - Uitzendbureau Bakker B.V.;; 118,19 
05-11-2025;1601 - Btw verkoop, laag tarief (9%);Verschansing 21 Rozenburg 2025-10 + borg;100153 - RNDV Industries;; 15,65 
12-11-2025;1600 - Btw verkoop, hoog tarief (21%);Zuidhoek 209D 2025-10 +borg credit;100089 - Uitzendbureau Bakker B.V.; 105,00 ;
14-11-2025;1200 - Debiteuren;Moureauveld 8 Roosendal 2025-12 + borg;100228 - I–Housing Vastgoed Beheer B.V.; 6.283,57 ;
03-11-2025;1000 - Kas;Groenelaan 30B Schiedam Borg + afrek gedeeltelijke credit;100177 - Flexbo B.V.;; 1.088,86 
07-11-2025;1200 - Debiteuren;Ofwegen 1A Woubrugge afrekening + borg;50398 - Orange Investments Group B.V.;; 1.235,92 
21-11-2025;1200 - Debiteuren;Van Maanenstraat 14A Rotterdam 2025-12 + borg;50311 - Labour Housing BV; 3.634,58 ;
21-11-2025;1601 - Btw verkoop, laag tarief (9%);Bornerbroeksestraat 129A Almelo 2025-11 + borg;50444 - Team Unica B.V.;; 69,53 
03-11-2025;1200 - Debiteuren;Groenelaan 30B Schiedam Borg + afrek;100177 - Flexbo B.V.;; 1.088,86 
11-11-2025;1600 - Btw verkoop, hoog tarief (21%);Akkerweg 41 [huis 42] Den Oever afrekening + borg;50314 - NL Realty B.V.; 38,46 ;
21-11-2025;1600 - Btw verkoop, hoog tarief (21%);Bornerbroeksestraat 129A Almelo 2025-11 + borg;50444 - Team Unica B.V.;; 134,40 
04-11-2025;1600 - Btw verkoop, hoog tarief (21%);Kerkweg 9a [huis 357] Hensbroek 2025-10 + borg;50218 - Eastmen Human Resources B.V.;; 116,55 
05-11-2025;1600 - Btw verkoop, hoog tarief (21%);Westercluft 134 Steenwijk afrekening (schade) + borg;50152 - Interwel Oost B.V.;; 218,21 
19-11-2025;1200 - Debiteuren;Kuipers-Rietbergpad 15 Hoogvliet afrekening + borg;50154 - OJP B.V.;; 3.635,71 
07-11-2025;1600 - Btw verkoop, hoog tarief (21%);Ofwegen 1A Woubrugge afrekening + borg;50398 - Orange Investments Group B.V.;; 192,01 
05-11-2025;1600 - Btw verkoop, hoog tarief (21%);Verschansing 21 Rozenburg 2025-10 + borg;100153 - RNDV Industries;; 204,75 
14-11-2025;1601 - Btw verkoop, laag tarief (9%);Moureauveld 8 Roosendal 2025-12 + borg;100228 - I–Housing Vastgoed Beheer B.V.;; 223,69 
07-11-2025;1200 - Debiteuren;Zuidhoek 209D afrekening (Schade) + borg;50394 - Gap Costruzioni Dutch Branch;; 1.545,15 
06-11-2025;1200 - Debiteuren;Dieptol 63 Steenwijk  2025-10 + borg;100244 - Kapitan Workers Sp. Z.o.o.;; 7.834,75 
24-11-2025;1500 - Crediteuren;Orange borg;50398 - Orange Investments Group B.V.;; 1.365,00 
05-11-2025;1200 - Debiteuren;Bornerbroeksestraat 129A Almelo afrekening + borg;100105 - VALO Facilities B.V.; 1.058,40 ;
08-12-2025;1200 - Debiteuren;Schoonegge 84 Rotterdam 2025-12 + borg credit;50311 - Labour Housing BV;; 7.281,19 
05-12-2025;1601 - Btw verkoop, laag tarief (9%);Van Maanenstraat 14A Rotterdam 2025-12 + borg credit;50311 - Labour Housing BV; 106,52 ;
12-12-2025;1200 - Debiteuren;Wijngaard 66 lelystad 2026-1 + borg;50282 - DIT en Larex Vakpersoneel B.V.; 5.146,27 ;
08-12-2025;1601 - Btw verkoop, laag tarief (9%);Schoonegge 84 Rotterdam 2025-12 + borg credit;50311 - Labour Housing BV; 277,22 ;
08-12-2025;1200 - Debiteuren;Van Hoofsweg 4 Nieuw Vossemeer borg retour;100151 - 4 Homes B.V.;; 3.575,00 
18-12-2025;1601 - Btw verkoop, laag tarief (9%);Rooseveltlaan 185 Bergen op zoom afrekening + borg;50201 - DS People B.V.;; 43,92 
08-12-2025;1600 - Btw verkoop, hoog tarief (21%);Schoonegge 84 Rotterdam 2025-12 + borg credit;50311 - Labour Housing BV; 78,75 ;
05-12-2025;1200 - Debiteuren;Van Maanenstraat 14A Rotterdam 2025-12 + borg credit;50311 - Labour Housing BV;; 3.634,58 
12-12-2025;1600 - Btw verkoop, hoog tarief (21%);Wijngaard 66 lelystad 2026-1 + borg;50282 - DIT en Larex Vakpersoneel B.V.;; 411,54 
05-12-2025;1600 - Btw verkoop, hoog tarief (21%);Van Maanenstraat 14A Rotterdam 2025-12 + borg credit;50311 - Labour Housing BV; 94,50 ;
18-12-2025;1200 - Debiteuren;Rooseveltlaan 185 Bergen op zoom afrekening + borg;50201 - DS People B.V.;; 1.981,45 
18-12-2025;1600 - Btw verkoop, hoog tarief (21%);Rooseveltlaan 185 Bergen op zoom afrekening + borg;50201 - DS People B.V.;; 101,82 
